dyad,person,age,major,grade,rela_type,length,hex01,hex02,hex03,hex04,hex05,hex06,hex07,hex08,hex09,hex10,hex11,hex12,hex13,hex14,hex15,hex16,hex17,hex18,hex19,hex20,hex21,hex22,hex23,hex24,hex25,hex26,hex27,hex28,hex29,hex30,hex31,hex32,hex33,hex34,hex35,hex36,hex37,hex38,hex39,hex40,hex41,hex42,hex43,hex44,hex45,hex46,hex47,hex48,hex49,hex50,hex51,hex52,hex53,hex54,hex55,hex56,hex57,hex58,hex59,hex60,phex01,phex02,phex03,phex04,phex05,phex06,phex07,phex08,phex09,phex10,phex11,phex12,phex13,phex14,phex15,phex16,phex17,phex18,phex19,phex20,phex21,phex22,phex23,phex24,phex25,phex26,phex27,phex28,phex29,phex30,phex31,phex32,phex33,phex34,phex35,phex36,phex37,phex38,phex39,phex40,phex41,phex42,phex43,phex44,phex45,phex46,phex47,phex48,phex49,phex50,phex51,phex52,phex53,phex54,phex55,phex56,phex57,phex58,phex59,phex60,satis1,satis2,satis3,satis4,satis5,satis6,satis7,commit1,commit2,commit3,commit4,commit5,commit6,commit7,ios,satis,commit,hex_hh,hex_em,hex_ex,hex_ag,hex_co,hex_op,phex_hh,phex_em,phex_ex,phex_ag,phex_co,phex_op
8,1,20,9,2,2,10,2,4,4,4,5,5,3,2,1,2,5,5,1,4,3,5,4,5,1,2,4,4,4,2,4,4,2,3,4,3,1,1,4,4,2,3,4,4,4,4,2,4,2,4,3,2,5,3,4,1,2,4,2,4,5,4,4,4,3,4,2,1,3,4,5,4,4,2,2,4,1,2,3,2,1,4,4,5,2,2,1,4,4,3,4,4,4,2,5,4,5,2,4,1,2,5,3,5,5,2,3,4,4,2,4,2,5,2,4,1,5,5,2,1,5,1,1,1,2,2,8,4,0,0,8,8,7,3,4,4,3,2,5,3,5,7.285714286,3.428571429,3.2,4.2,3.8,3.1,2.8,3.1,3.4,3.9,2.7,4.4,3.2,3
8,2,16,9,2,2,10,3,4,5,2,3,5,3,1,1,3,4,1,3,1,2,3,3,3,2,1,1,5,3,2,4,4,4,3,4,3,4,2,5,1,2,3,4,5,2,3,2,4,3,2,3,3,4,2,2,3,5,3,2,4,4,2,2,2,2,4,4,4,4,4,2,5,2,3,1,2,3,2,3,4,3,3,4,5,3,2,3,4,3,1,3,3,4,2,2,2,5,2,5,4,1,4,3,3,3,4,2,2,4,2,3,2,5,1,3,3,5,2,3,5,5,3,2,4,2,4,7,6,0,1,7,6,2,5,4,5,2,5,5,2,6,6.142857143,4.571428571,3.5,3.7,2.8,4.2,3.7,3.2,4.3,3.5,3.9,3.9,3.3,2.5
4,1,21,9,3,2,9,2,4,3,3,2,4,3,3,2,2,3,1,2,2,3,3,3,3,2,2,2,4,2,2,3,3,2,1,3,2,2,2,4,3,3,4,2,4,3,3,2,3,3,2,3,2,3,3,3,2,3,2,3,4,2,3,3,3,2,2,2,5,4,5,3,4,2,4,2,2,3,2,2,2,2,3,4,4,2,2,2,3,3,4,3,4,4,2,4,3,3,1,5,3,2,4,3,5,4,3,3,4,3,2,3,3,4,2,4,3,4,2,3,3,4,2,3,4,2,2,8,8,0,0,8,8,8,4,5,4,1,5,5,2,6,8,4.571428571,3.8,3,3.6,3.2,3.5,3.2,3.4,3.5,3.6,3.9,4,2.8
4,2,20,9,3,2,10,4,5,3,3,4,2,3,4,3,2,4,2,2,2,4,4,4,3,3,2,4,4,2,3,2,2,3,2,4,2,4,2,3,4,2,4,4,4,4,4,2,3,4,2,2,2,4,2,2,4,3,2,2,2,5,2,2,4,4,2,4,2,4,4,2,4,2,2,4,4,2,2,2,4,4,2,4,4,4,2,2,4,2,3,2,4,4,2,2,2,4,4,4,2,4,4,2,2,4,2,2,2,4,4,4,2,5,2,4,5,4,2,3,2,5,4,2,2,2,2,8,8,1,8,8,8,8,5,4,4,1,5,5,3,6,6.714285714,4.428571429,3.3,3.6,3.9,2.9,4.1,2.7,3.7,3,3,3.6,2.5,2.1
5,1,20,9,3,2,6,3,2,3,5,4,3,2,3,4,1,1,1,2,1,1,5,5,4,2,1,1,5,1,3,3,2,4,1,1,1,2,1,4,4,1,1,3,5,5,5,1,5,3,3,2,1,5,2,4,2,4,2,4,5,2,1,1,4,2,1,2,4,4,4,2,4,2,2,1,2,2,1,2,2,1,4,5,5,2,1,1,4,3,3,2,2,3,1,5,2,2,2,4,2,2,5,3,4,4,3,1,5,2,2,1,1,5,2,3,2,4,1,2,5,3,1,3,2,1,1,8,8,0,0,8,8,8,5,5,5,1,5,5,2,6,8,4.857142857,3.6,3.3,4.7,3.9,3.9,3,4.1,4,3.8,3.8,3.8,2.9
5,2,20,9,3,2,6,4,5,2,4,5,2,3,2,4,4,4,2,4,2,2,4,4,2,2,2,1,4,2,3,5,4,4,2,4,4,4,2,2,3,3,3,4,4,4,5,2,4,5,2,3,3,4,3,3,3,4,2,2,5,2,2,3,2,2,2,2,5,4,5,2,2,2,4,3,2,2,2,4,2,2,4,5,2,2,2,3,4,2,2,4,4,2,2,2,2,4,1,4,1,2,2,3,4,5,2,1,4,5,2,3,3,5,4,3,4,4,2,4,5,4,2,4,4,2,2,8,8,1,0,6,7,7,4,4,4,2,3,4,3,4,7.285714286,3.714285714,3,3.8,3.5,3.3,3.6,3.6,3.1,3.3,3.5,3.4,4,3.3
3,1,23,9,3,2,8,2,3,2,4,1,2,2,2,1,2,2,1,1,3,2,5,4,4,2,2,1,5,1,2,5,2,3,1,1,2,3,1,4,5,4,2,2,2,4,4,2,1,4,2,3,1,3,1,3,2,3,1,3,4,3,4,2,3,2,1,3,4,5,3,4,5,2,1,1,2,3,1,1,2,1,5,5,5,3,2,1,3,2,2,4,3,3,2,3,2,2,2,5,4,3,3,4,3,3,3,2,3,3,2,4,2,3,1,3,2,4,2,2,5,4,2,2,3,2,1,8,7,0,0,8,8,7,4,4,4,1,4,4,2,7,7.714285714,4.142857143,4,2.5,4.5,3.7,3.1,3.1,4.4,3.5,3.7,4.3,3.3,2.9
3,2,22,9,3,2,8,2,3,2,4,4,4,4,3,2,3,4,2,2,1,4,3,3,3,2,2,2,3,2,3,4,3,3,2,4,2,2,2,4,2,2,3,2,3,4,3,2,3,4,2,3,2,4,2,3,3,4,3,2,4,3,3,3,3,2,2,2,5,2,3,2,3,3,1,2,3,2,3,2,4,2,4,4,4,3,2,2,4,2,3,3,2,2,2,2,3,3,4,3,3,3,2,3,2,3,4,2,3,3,3,2,2,4,3,3,2,2,2,3,3,3,3,3,4,2,3,8,6,0,0,8,8,8,4,5,5,1,5,5,2,7,7.714285714,4.714285714,3.6,3.7,3.2,3.3,3.5,3.4,3,3,3.7,2.9,2.8,3
10,1,22,9,4,2,26,2,4,4,3,2,3,3,3,1,2,1,1,3,2,3,4,4,4,2,2,2,4,3,3,4,4,4,1,2,2,2,2,4,4,4,4,4,4,4,3,2,2,4,3,4,2,4,2,4,3,4,3,4,4,2,2,2,3,2,1,2,5,4,5,4,5,4,4,2,2,4,1,3,1,2,4,5,4,2,2,2,4,5,4,4,4,5,2,5,1,2,2,5,4,4,5,4,5,5,5,1,4,4,2,4,2,5,2,4,4,5,4,2,5,2,2,2,5,1,1,8,8,1,0,8,8,8,5,5,5,1,5,5,2,7,7.857142857,4.857142857,4,2.8,3.7,4,3.5,3.6,4.2,4.4,4.1,4.4,4.1,3.7
10,2,22,9,4,2,26,2,5,5,4,4,5,3,4,2,2,2,4,3,2,4,5,4,3,1,2,1,5,4,3,5,3,5,1,5,2,3,1,5,3,3,5,4,5,5,4,1,4,5,2,3,2,3,4,2,4,4,1,2,4,2,2,2,3,1,2,2,5,5,4,2,5,4,4,1,4,1,1,4,1,2,4,4,5,1,1,1,4,2,4,5,2,5,2,2,1,1,3,5,2,2,5,3,5,5,3,2,2,5,1,1,4,4,3,3,4,4,2,4,5,1,1,1,3,3,1,8,8,1,1,8,8,8,5,5,5,1,5,4,2,7,7.714285714,4.714285714,3.4,3.9,4.2,4.2,4.2,4,4.4,2.8,3.2,4.4,4.5,4.3
9,1,22,9,3,2,22,2,5,2,2,2,2,2,4,3,2,4,1,2,1,5,4,4,2,2,2,2,4,3,2,2,4,1,2,4,2,4,1,2,4,2,4,2,5,4,4,2,2,5,4,2,2,1,1,2,4,2,3,2,3,2,2,2,4,2,1,2,3,2,3,4,4,3,4,3,2,4,1,2,4,4,3,5,2,4,4,2,4,4,3,4,4,2,2,2,2,4,2,2,1,3,2,2,3,2,2,2,4,4,4,2,3,4,2,2,3,2,1,2,4,3,2,3,4,2,1,8,8,0,0,8,8,8,4,5,4,1,4,4,2,7,8,4.285714286,3.8,3.4,3.7,2.5,4,3.1,3.5,3.8,3.3,2.4,2.9,3
9,2,23,9,4,2,22,5,5,2,4,4,1,3,4,4,2,4,4,1,4,4,5,4,5,4,2,4,4,4,2,5,4,4,2,4,5,5,1,4,4,2,1,2,4,-99,5,2,3,5,4,2,2,5,1,5,4,2,2,2,4,5,2,2,4,2,1,2,4,2,4,2,2,2,4,2,2,2,2,2,2,4,4,4,4,4,2,2,5,4,2,5,4,2,1,2,4,4,2,4,5,2,2,4,-99,4,5,2,4,5,2,2,2,4,2,4,4,2,1,4,2,5,2,2,5,1,2,8,8,0,0,8,8,8,5,5,5,1,5,5,1,7,8,5,3.1,4.1,4.2,2.666666667,3.6,2.2,3,3.3,4.6,3,3.777777778,2.9
44,1,22,3,4,2,22,2,1,4,4,-99,4,3,4,1,4,4,5,5,3,2,3,1,2,4,2,3,5,4,3,5,4,1,4,4,3,3,4,4,3,2,2,4,4,2,5,5,5,4,4,2,3,4,4,5,2,2,1,2,3,5,4,4,2,2,4,2,4,3,4,5,2,2,2,2,4,5,5,4,2,5,2,4,1,4,2,3,4,4,4,5,4,4,4,5,4,5,4,2,1,3,2,4,4,2,4,2,5,4,2,4,2,5,5,2,2,2,1,1,4,3,2,4,2,1,5,8,8,0,0,8,8,8,4,4,4,1,4,5,2,5,8,4.285714286,2.3,3.333333333,3.4,2.9,2.6,3.2,1.7,4.5,3,2.7,3.2,3.3
44,2,20,9,4,2,22,2,5,3,4,4,3,4,4,4,2,5,3,5,2,4,4,5,4,4,2,4,4,4,3,3,4,4,1,4,2,2,2,4,3,2,3,4,4,4,4,2,3,4,3,3,4,4,3,4,2,2,4,2,4,4,2,2,4,1,3,2,2,3,4,3,3,2,4,3,2,2,3,4,4,2,4,4,4,4,4,2,4,2,3,4,4,3,2,4,3,2,2,3,4,4,3,4,4,4,4,2,4,4,3,4,2,3,2,3,2,2,2,2,3,4,4,3,3,2,3,8,8,0,0,3,8,8,3,3,3,2,3,3,2,4,7.285714286,3.285714286,3.3,4.3,3.6,3,3.6,3.4,3.1,3.2,3.9,3.3,2.7,3.3
41,1,22,9,4,2,36,4,5,3,3,4,4,2,4,4,4,4,3,2,4,3,4,5,1,3,4,1,4,3,3,4,4,3,2,5,5,5,3,5,3,2,3,4,4,4,4,1,5,4,4,4,4,4,4,3,4,5,4,2,3,2,1,2,1,1,3,4,4,3,3,4,4,2,3,3,4,4,3,2,3,3,2,4,3,4,4,2,4,4,3,3,4,3,2,4,3,5,3,2,3,3,2,3,4,4,2,2,4,3,4,3,2,5,3,3,2,2,3,2,2,4,3,4,2,1,3,7,7,2,4,7,7,4,4,5,5,1,4,4,3,6,6,4.285714286,2.4,4.3,2.9,3.8,3.3,2.9,2.8,4.1,2.9,2.9,2.8,2.3
41,2,22,2,4,2,36,2,5,2,4,1,3,5,2,3,1,5,5,2,3,2,4,5,4,2,3,1,5,5,3,5,1,2,1,5,1,2,1,4,5,1,2,5,4,5,5,1,5,5,2,2,1,5,4,1,3,1,4,3,5,2,1,5,5,1,5,4,4,2,5,2,3,4,4,5,1,2,5,1,1,1,2,5,1,3,4,1,5,2,4,5,4,2,1,5,1,3,4,2,5,5,2,5,5,5,5,1,5,5,3,5,1,2,4,4,2,4,1,5,3,4,5,5,5,3,5,8,8,2,4,7,8,8,4,4,4,2,4,4,3,5,7,3.857142857,2.7,4.4,4.5,2.9,3.9,4.3,2.1,2.8,4.7,3.2,3,3.2
42,1,22,6,4,2,15,4,5,2,2,3,4,2,1,1,2,5,2,2,1,4,2,2,2,1,1,1,2,3,3,2,4,4,1,2,3,5,2,3,4,4,4,4,5,4,3,2,4,5,5,4,2,4,2,1,5,4,5,4,2,2,2,2,3,5,2,2,5,5,5,5,5,3,2,1,3,3,1,3,2,2,5,5,5,2,3,1,5,4,1,3,2,4,1,5,3,4,2,4,2,2,4,3,4,2,2,1,1,4,3,4,2,4,2,4,1,5,2,2,4,1,2,3,3,2,1,8,8,2,0,3,8,6,5,4,4,1,1,4,2,6,6.714285714,3.857142857,3.2,2.8,3,3.7,3.7,3.2,4.5,4.3,3.8,4.1,3.4,3.3
42,2,24,3,6,2,15,2,4,4,2,2,4,4,2,4,2,3,1,3,2,4,4,5,4,4,3,3,4,3,3,4,4,4,2,3,2,3,2,4,2,3,4,5,4,4,2,2,3,5,3,4,2,4,2,2,4,4,3,2,4,2,4,2,3,2,1,5,5,2,2,3,5,4,2,2,3,2,1,3,1,4,4,2,5,4,2,2,3,2,3,1,2,3,2,2,3,2,4,4,2,3,5,5,5,4,4,4,2,4,2,4,3,4,3,2,5,4,2,4,4,3,4,2,2,4,1,8,8,0,0,8,8,8,4,4,4,1,4,4,2,6,8,4.142857143,4,3.5,3.2,3.5,3.2,3.8,4.2,2.4,3.1,3.5,3.8,3.1
43,1,21,2,4,4,13,1,5,2,4,1,5,5,5,1,2,3,1,4,1,2,2,4,2,1,1,2,2,1,4,5,1,3,1,3,1,1,1,3,2,1,5,4,5,5,3,2,4,5,1,3,4,5,1,2,5,5,1,2,5,1,1,1,2,2,1,1,5,3,4,1,5,3,5,1,2,1,1,4,1,2,4,4,2,2,1,1,4,4,4,4,1,4,1,2,1,2,1,5,4,3,5,5,5,4,4,2,4,4,1,2,2,4,2,2,4,5,1,4,1,1,1,2,3,2,1,8,8,0,0,8,8,8,4,5,5,2,5,5,2,7,8,4.571428571,4.1,3.4,3.1,3.9,5,4.7,3.6,2.9,4.1,4.1,4.9,4.2
43,2,21,2,4,2,15,2,5,5,4,2,4,4,4,2,4,2,1,3,1,4,3,3,2,3,2,1,5,2,3,3,2,2,2,5,2,3,2,4,3,1,2,5,5,2,3,4,4,4,4,5,1,3,2,2,5,4,1,5,3,1,2,2,2,2,1,2,4,3,4,1,4,5,5,3,2,3,1,2,3,4,2,3,3,4,2,3,3,1,4,2,2,2,2,1,2,2,3,3,3,2,4,3,3,3,3,4,4,4,2,3,3,2,4,4,3,3,3,2,4,4,2,2,3,3,1,8,8,0,0,6,8,8,4,4,4,2,3,4,2,4,7.714285714,3.857142857,3.4,2.9,3.6,3.7,4.2,3.8,3.5,2.4,3.2,2.9,3.7,3
39,1,27,8,7,2,6,1,4,4,3,2,4,3,4,1,4,4,2,3,2,2,5,4,2,4,2,1,4,2,2,5,2,4,2,2,1,1,1,4,3,2,4,3,4,4,4,2,1,4,3,3,2,4,4,3,2,4,2,2,4,2,2,1,3,2,1,2,4,3,4,4,4,3,2,3,4,3,1,3,2,4,4,4,3,3,2,2,3,3,4,4,2,4,2,4,1,3,2,3,3,4,4,3,4,4,3,2,4,4,2,3,2,4,3,3,3,4,3,2,4,1,1,2,2,2,1,8,8,0,0,8,8,8,4,4,4,2,4,5,3,5,8,4,3.9,3.4,3.6,4.2,3.8,3.7,3.7,3.6,3.2,3.4,3.8,3.5
39,2,24,1,5,2,6,2,5,3,4,4,4,2,3,2,3,4,2,1,1,2,2,4,2,2,2,2,4,2,3,4,4,4,2,4,4,2,2,4,4,3,3,2,4,4,3,3,3,4,2,3,2,4,2,3,3,4,1,3,4,3,2,2,2,3,2,2,3,4,3,1,4,3,3,2,3,2,1,2,3,2,3,4,2,2,2,1,3,1,2,4,4,4,3,2,2,2,2,4,3,2,3,3,4,4,3,3,3,4,2,4,2,4,2,3,2,4,2,3,3,4,2,4,2,3,1,8,8,0,0,8,8,8,5,5,5,1,4,4,3,4,8,4.428571429,3.3,3.4,3.5,3.8,3.8,3.1,3.7,2.7,3.1,3.9,3.3,3.3
38,1,21,9,4,2,9,3,5,2,3,3,4,4,2,1,4,4,2,2,2,2,4,4,3,2,2,2,3,4,3,2,4,2,2,2,3,2,2,4,3,2,4,3,4,4,3,2,4,3,2,4,3,4,2,3,2,4,3,2,2,3,3,2,2,2,2,2,3,3,4,5,5,4,2,3,5,4,1,4,4,2,3,4,4,3,3,2,3,3,3,3,4,3,2,5,2,2,4,4,2,3,4,3,3,4,2,2,4,3,3,3,3,5,2,3,3,5,2,1,5,2,3,2,2,2,2,7,8,1,0,7,7,2,5,4,3,3,4,3,2,6,6.571428571,3.714285714,3.3,3.7,3,3.7,3.4,3.1,4,4.2,2.8,3.7,2.6,3.5
38,2,21,9,4,2,9,2,3,2,4,4,4,4,2,4,2,4,3,4,2,3,3,4,3,3,2,2,3,2,2,3,3,2,2,4,3,2,3,3,2,2,3,4,4,3,2,2,4,3,2,3,3,4,2,4,3,3,3,2,3,4,3,4,2,3,3,4,4,4,4,2,3,2,2,2,4,3,3,2,2,4,3,4,3,3,2,2,4,2,2,4,2,3,2,3,3,4,2,4,3,2,3,3,4,4,3,2,3,3,2,3,2,3,2,4,2,4,3,4,4,4,2,2,2,3,3,7,7,1,1,6,7,6,5,4,4,3,4,3,2,4,6.714285714,3.857142857,3.2,3.7,3,2.7,3.3,3.3,3.3,3,3.2,3.6,3.6,2.5
40,1,29,3,8,3,27,1,5,2,3,4,3,2,4,2,4,3,1,5,2,2,4,4,2,2,2,1,4,4,3,5,4,2,2,4,4,2,2,4,3,2,3,4,4,4,3,2,4,5,2,4,3,5,3,2,2,4,1,2,3,1,1,1,3,2,4,2,2,4,4,4,4,4,4,1,2,4,1,4,4,2,5,4,2,3,4,1,4,5,3,4,4,4,2,5,3,2,2,4,5,2,4,4,4,4,4,2,4,4,4,4,2,5,2,2,2,4,2,2,4,4,4,2,4,2,3,8,8,0,0,8,8,8,5,5,5,1,5,5,3,7,8,4.714285714,2.8,4,3.4,3.8,3.8,4.3,3.4,4.3,4.2,4.2,2.6,3.7
40,2,23,5,5,2,27,3,5,4,4,5,4,5,4,3,4,4,3,2,4,3,4,4,3,2,4,3,4,4,3,4,4,2,2,5,2,4,2,3,4,3,3,4,4,4,4,2,4,4,4,3,3,5,2,3,4,3,3,2,4,2,4,3,4,2,2,1,5,4,3,4,4,4,5,2,5,4,2,4,1,4,3,5,4,1,1,1,3,3,4,5,3,4,1,4,3,2,2,5,1,1,3,4,5,4,1,1,2,4,1,3,4,4,3,4,4,4,3,4,2,4,1,2,1,1,1,8,8,1,5,8,8,8,5,4,5,1,5,5,2,6,7.142857143,4.714285714,3.4,4.2,3.6,3.1,3.1,3.5,3.4,4.1,2.3,3.9,4.6,3.9
2,1,21,8,3,2,21,2,4,3,4,2,3,2,5,2,1,4,4,2,1,3,4,3,4,1,2,1,3,3,4,3,3,4,1,4,4,2,1,5,4,4,3,3,4,4,4,3,3,4,2,3,3,4,3,3,4,4,4,4,4,3,2,2,4,4,2,2,4,4,4,4,4,3,4,2,2,4,2,2,4,2,4,4,4,2,2,2,3,3,4,4,2,4,2,4,2,2,2,4,4,4,3,3,4,4,3,4,4,4,2,4,2,4,3,4,3,4,4,4,4,4,2,2,4,2,4,8,8,4,0,8,8,4,5,3,5,1,4,5,3,6,6.857142857,4.285714286,3,2.9,3.8,3.9,4.2,3.3,3.2,3.3,3.6,4,3.7,3.2
2,2,22,8,3,2,21,2,5,4,4,2,4,4,4,1,2,4,3,2,2,4,3,4,4,2,2,2,3,3,2,4,4,4,3,4,3,2,1,5,3,2,3,3,4,3,2,2,2,4,3,4,3,4,3,3,3,4,5,2,3,2,4,3,4,4,4,4,4,2,4,2,2,2,4,2,2,4,2,2,2,3,4,4,4,4,2,2,4,2,2,2,4,2,2,4,4,2,2,3,4,2,2,2,4,4,4,2,2,2,3,3,4,4,2,2,4,4,4,2,4,4,2,4,4,4,4,4,7,0,0,7,7,8,4,3,4,3,4,4,4,6,7,3.428571429,3.3,3.5,3,3.8,3.6,3.6,3.2,3.4,3.6,3.1,3.7,2.4
37,1,22,6,4,2,15,3,4,3,4,2,1,4,3,2,2,3,2,1,4,3,3,2,4,3,2,2,4,2,2,2,4,2,1,2,2,1,2,4,2,2,4,4,4,4,3,4,2,5,2,3,3,4,2,4,2,4,2,4,2,3,3,2,4,3,1,2,5,3,4,2,3,2,4,4,2,4,2,2,1,3,4,4,2,3,2,2,4,4,3,4,2,2,2,4,4,4,1,5,4,2,4,3,4,4,4,2,4,4,2,3,4,4,3,4,2,4,2,3,2,4,2,2,4,2,2,7,7,3,0,7,6,7,3,4,3,2,3,4,2,5,6.714285714,3.571428571,3.6,2.6,3.6,3.5,3.2,3.2,2.9,3.7,3.8,3.4,4.1,2.8
37,2,23,9,5,2,15,2,4,4,4,2,2,4,3,3,2,3,2,3,1,2,5,3,2,2,2,2,3,3,2,4,3,4,2,2,5,3,2,4,3,2,2,3,4,4,4,2,2,5,2,5,3,4,3,2,4,5,2,3,2,2,2,2,3,2,2,2,2,5,4,2,5,5,2,3,2,3,1,2,4,3,2,4,5,2,2,3,2,1,2,3,3,5,2,2,1,1,2,4,1,3,4,3,2,4,2,3,3,4,3,3,3,3,2,3,1,2,2,3,5,1,2,3,3,3,2,7,7,4,4,7,6,7,4,3,3,2,3,3,3,5,6,3.285714286,2.8,3.2,3.7,4.1,3.9,3.8,4.4,2.7,2.9,3.5,2.7,3.8
36,1,29,8,9,4,18,1,5,3,4,1,3,3,2,2,2,1,1,2,2,3,3,4,4,2,2,2,4,1,2,5,4,4,2,4,1,3,3,4,2,4,3,4,4,4,4,2,4,5,4,4,2,4,1,2,2,4,1,3,4,3,2,2,2,2,1,3,5,3,4,4,5,1,4,3,4,4,1,3,1,3,1,5,5,4,2,2,4,4,3,5,2,4,2,5,1,4,2,3,2,2,1,4,5,3,2,1,4,4,3,4,2,4,2,2,4,3,2,2,1,4,2,4,2,1,1,8,7,0,0,8,8,8,4,5,5,1,4,5,2,7,7.857142857,4.571428571,4,2.8,3.6,3.8,3.2,3.8,3.6,4.4,2.9,3.2,4.2,3
36,2,23,5,4,2,18,2,4,2,2,4,2,2,2,4,4,4,2,4,2,4,2,4,4,2,4,2,2,2,2,5,5,4,2,5,2,4,3,2,2,4,2,4,4,2,2,2,4,5,4,2,3,5,2,2,2,1,4,1,2,-99,2,3,1,2,3,1,4,2,4,2,2,4,2,2,4,4,2,2,4,2,4,4,2,5,1,1,4,1,3,5,4,4,2,2,2,2,2,4,2,4,2,2,3,4,2,2,5,5,4,4,2,4,3,3,2,2,3,2,4,4,2,2,2,2,4,8,6,0,0,8,8,8,5,3,5,2,3,5,4,6,7.714285714,3.857142857,3.1,3.9,2.2,2.4,2.8,3.777777778,2.7,3.1,3.1,3.7,3,3.3
35,1,21,8,3,2,17,2,5,5,5,1,1,1,5,5,5,5,1,1,5,5,1,1,4,5,3,4,1,1,1,1,3,2,3,2,5,5,1,1,5,1,2,1,2,4,1,5,3,5,2,1,5,4,5,5,3,5,2,2,1,2,3,1,3,1,1,2,5,2,4,5,5,5,5,5,1,5,1,4,4,5,4,4,3,4,1,1,5,4,4,4,1,4,3,5,1,1,2,4,2,4,2,2,4,4,4,5,4,4,1,3,1,4,2,5,2,4,2,1,1,2,1,2,2,1,1,8,8,0,0,8,8,8,4,5,5,1,5,5,3,6,8,4.571428571,2.8,2.9,2.5,2.7,3.4,2,3.4,4,3.8,3.2,4.2,3.5
35,2,20,2,2,2,17,1,5,2,5,4,5,4,4,2,3,5,1,3,1,4,1,5,4,2,2,1,5,4,4,5,4,2,1,4,3,1,1,4,2,2,4,5,5,4,2,2,3,5,1,5,1,3,2,3,5,4,3,2,4,1,2,2,2,2,1,3,5,2,5,4,1,4,5,2,1,3,5,1,4,5,2,5,2,2,1,1,2,2,5,2,2,1,1,4,5,3,1,5,5,2,1,2,4,5,5,2,2,4,1,3,4,5,5,5,5,4,3,4,2,1,1,2,5,3,5,8,8,1,0,6,8,8,4,3,4,3,3,3,3,3,7.571428571,3.285714286,3.9,4.1,3.3,3.6,4.4,4.4,1.5,3.6,3.9,3.4,4.5,2.9
21,1,30,9,8,2,30,2,5,3,4,1,5,5,5,5,1,2,1,1,1,5,3,4,3,2,3,2,3,2,4,2,1,3,2,4,1,4,1,1,1,1,5,5,5,5,3,4,1,5,1,2,2,5,5,5,5,2,2,2,4,1,1,5,1,4,1,1,1,1,3,5,5,5,1,1,5,5,2,1,5,1,5,5,5,1,5,2,5,5,4,3,5,1,2,5,4,3,2,1,4,5,4,2,1,4,4,1,5,5,5,1,1,5,1,3,1,5,5,1,3,5,5,5,1,1,4,8,8,0,0,8,8,8,2,5,5,1,4,5,3,6,8,4.142857143,4,3.1,3.2,2.3,4.8,3.4,3.3,4.6,3.3,2.8,1.3,3.3
21,2,26,3,8,2,30,2,4,1,4,4,4,3,5,4,2,5,4,4,5,4,3,5,4,2,4,4,4,4,4,4,4,2,3,4,3,2,2,4,4,5,3,2,3,3,4,2,3,5,4,2,2,5,3,4,1,2,5,2,4,2,4,5,2,2,4,2,5,4,5,5,4,5,5,2,1,4,2,2,1,4,4,4,4,2,1,2,3,2,5,4,2,4,2,4,2,2,1,4,4,1,4,4,5,5,4,4,2,4,2,4,4,5,4,2,4,4,2,4,4,1,1,3,4,3,2,8,8,0,0,8,8,8,4,5,5,1,5,5,2,7,8,4.714285714,3,4,3.3,2.1,2.6,3.6,3.5,3.6,3.9,3.8,4.7,4
22,1,23,3,6,2,13,4,4,2,4,3,3,3,4,2,4,4,5,1,4,3,2,4,2,2,2,2,5,4,2,3,4,2,2,4,3,4,4,4,4,4,4,4,2,4,4,2,2,5,4,3,2,3,4,4,3,4,4,4,4,2,2,2,3,3,1,3,2,4,5,5,5,1,1,5,1,2,2,3,1,1,4,5,4,4,4,1,5,5,2,4,4,5,1,5,2,4,4,5,2,4,4,4,4,4,4,1,4,4,4,4,1,5,2,4,1,4,3,2,5,5,4,4,2,2,1,8,8,1,0,8,8,8,4,4,5,2,4,4,2,3,7.857142857,4.142857143,3.2,3.3,3.4,3.4,2.9,3,4.1,4.2,4,3.9,2.3,2.6
22,2,25,2,5,2,13,2,5,2,4,4,5,3,4,2,2,4,1,4,1,2,4,4,4,4,2,1,5,2,2,4,4,4,1,4,1,2,2,5,4,4,5,4,5,4,2,2,3,5,2,4,2,2,2,3,2,2,2,2,5,1,2,2,2,2,1,2,5,4,4,1,5,4,4,2,2,4,1,1,4,2,4,4,4,4,1,1,5,2,2,4,4,4,1,2,1,1,1,5,5,2,5,3,4,4,4,2,3,5,1,4,2,2,2,3,2,4,1,4,5,1,1,1,4,2,1,8,8,0,0,8,8,8,4,5,5,1,5,5,2,5,8,4.714285714,4.5,3.4,3.8,3.8,3.9,3.8,4.5,2.9,4.4,4.3,3.9,3.6
23,1,25,6,6,2,9,2,2,4,4,2,1,2,2,2,3,4,5,2,2,2,3,4,1,1,2,2,4,4,3,4,3,2,2,4,3,2,2,4,3,3,1,4,2,4,3,3,2,4,2,3,3,5,3,2,2,2,3,2,1,2,4,5,3,2,5,2,5,2,4,5,3,2,4,2,4,5,3,2,2,2,2,3,4,2,2,2,3,4,2,4,2,4,2,3,2,3,2,3,2,2,3,2,4,4,3,2,3,3,2,5,4,4,2,4,3,4,2,2,2,4,2,2,3,1,3,8,8,1,1,7,8,8,4,4,4,1,5,4,2,5,7.571428571,4.285714286,1.9,3.7,3.3,3.2,2.9,3.7,3.3,4.1,2.9,3.8,4,2.8
23,2,24,7,6,2,10,2,4,4,4,2,4,2,2,2,2,3,1,2,2,3,3,4,4,3,2,4,4,2,3,4,4,5,1,4,2,2,2,5,3,2,3,3,4,3,3,3,4,4,2,2,2,4,3,2,3,4,2,2,4,2,2,3,4,2,3,2,2,4,4,2,2,3,2,3,4,2,2,3,2,3,3,4,4,3,2,2,5,2,3,4,4,4,2,2,3,2,3,4,2,4,2,4,2,3,2,3,4,3,3,4,2,3,3,2,3,3,2,4,2,4,4,3,2,4,3,8,6,0,0,8,8,8,4,4,4,1,3,4,3,7,7.714285714,3.857142857,3.5,3.4,3.8,3.5,3.5,3.4,2.8,2.4,3.2,3.5,2.7,3.4
24,1,25,3,5,2,10,2,4,2,4,4,4,4,4,4,2,2,4,4,4,2,4,3,2,3,4,4,2,4,4,4,4,4,2,2,4,2,2,4,4,2,4,4,4,3,1,1,2,1,3,4,1,4,4,2,2,2,1,3,2,3,4,2,1,3,2,2,3,4,5,2,4,4,4,2,2,4,3,4,4,4,3,1,4,2,2,2,5,1,4,2,2,4,2,4,4,2,4,4,1,2,4,4,4,2,4,2,4,2,4,4,2,5,4,2,4,2,1,2,5,3,1,2,2,2,1,6,7,6,6,7,8,8,4,5,4,2,4,4,3,6,5.714285714,4,2.8,3.4,3.4,3.1,2.9,3.5,3.3,3.3,3.7,3.4,3.4,3.5
24,2,26,2,6,2,10,4,5,4,4,2,4,3,3,2,2,4,2,2,2,2,3,3,2,4,2,2,3,2,2,3,3,2,2,4,3,2,2,4,2,2,4,3,4,4,3,2,4,4,3,2,2,3,2,4,2,3,2,2,4,2,2,2,3,2,2,2,4,3,4,3,4,3,3,2,3,2,2,4,2,4,2,4,2,4,2,2,3,2,2,4,2,4,2,3,2,2,2,4,3,2,2,4,4,4,2,2,4,4,2,3,2,2,2,2,2,4,2,4,2,2,2,2,3,2,2,8,8,0,0,8,8,8,5,5,5,2,4,4,2,5,8,4.428571429,3.5,3.4,3.4,3.5,3.6,2.9,3.2,3,3.2,3.6,3.7,3.7
26,1,20,8,2,2,10,2,4,4,3,3,5,3,2,1,2,2,1,3,3,1,4,3,3,2,2,2,4,3,3,4,3,3,1,2,1,1,2,5,4,3,4,3,3,4,4,2,3,4,2,3,2,3,3,2,2,3,2,4,5,3,2,2,4,3,1,3,3,3,5,2,5,2,2,2,2,2,2,3,2,2,3,4,3,2,2,2,3,3,3,3,3,3,2,3,1,2,2,3,4,3,4,3,4,3,3,2,3,3,2,2,2,3,3,3,2,4,2,3,1,3,2,2,4,2,1,8,8,0,0,8,8,8,5,4,5,1,5,5,4,5,8,4.428571429,4.1,2.8,4,4,3.3,3.7,3.6,3.1,3.8,3.4,3.4,3.1
26,2,20,8,2,2,10,2,4,2,4,1,3,2,3,1,1,4,3,4,2,1,5,4,2,1,2,1,5,3,4,5,4,4,2,4,4,4,2,2,4,3,2,3,3,4,5,2,2,5,4,4,2,5,4,2,3,4,1,2,5,4,2,2,4,3,1,1,5,4,5,1,4,4,2,1,1,3,3,4,1,1,5,3,2,1,1,1,5,2,5,5,1,5,1,2,3,4,2,4,4,4,3,4,5,5,4,5,2,5,2,5,1,3,3,2,3,4,1,5,5,3,2,2,5,3,2,8,8,0,0,8,8,8,4,5,5,1,5,5,2,7,8,4.714285714,3,3.5,4.5,3.9,3.3,3.6,3.2,2.1,4.8,4.6,4.2,4.1
25,1,21,7,4,2,13,3,3,4,4,3,3,2,2,4,4,4,3,2,1,2,2,2,3,4,2,2,3,1,4,3,3,3,1,4,3,3,2,4,2,3,3,3,5,4,3,4,4,3,3,3,3,4,4,2,3,4,4,4,4,1,3,4,2,4,3,1,4,2,4,3,3,2,2,3,1,4,3,4,3,3,4,4,4,3,3,3,4,4,3,4,4,2,2,3,3,3,3,2,4,2,3,3,3,4,4,2,2,3,3,2,2,4,4,4,3,2,3,2,3,4,4,4,4,2,3,8,7,2,0,8,7,0,2,4,5,2,5,5,4,6,6.285714286,3.857142857,2.8,2.7,2.8,3.4,3.5,3,3.1,3.8,4,2.5,2.8,3.1
25,2,22,7,4,2,13,1,3,4,2,5,1,2,1,3,2,5,5,5,5,5,5,5,5,5,5,4,5,5,2,1,2,1,1,1,5,5,3,5,5,1,1,5,3,3,3,3,1,1,4,3,1,5,1,1,2,5,3,3,1,3,5,3,4,1,1,4,4,4,3,1,2,2,1,2,5,4,3,1,3,2,1,4,1,3,2,1,2,1,5,1,2,5,1,3,1,5,5,5,1,1,3,1,3,3,1,1,2,1,2,5,4,1,4,4,2,5,4,4,1,2,2,2,5,4,1,8,8,0,0,8,8,8,2,5,5,5,5,5,5,7,8,3.428571429,2.9,4.2,4.1,3,2.1,2.9,2.7,2.8,2.3,4.4,3,1.8
27,1,20,2,3,2,21,1,5,4,4,1,2,5,2,1,1,4,2,3,2,4,4,2,4,1,2,1,4,1,3,5,3,2,1,2,4,2,2,4,4,2,1,4,4,4,4,4,2,5,3,3,2,4,4,4,2,4,2,5,4,2,2,2,4,4,2,1,4,2,4,5,5,2,2,2,5,4,4,5,2,2,1,5,1,2,2,2,5,5,3,5,2,2,4,5,2,3,2,4,1,4,1,5,5,4,1,1,4,5,2,2,2,5,2,2,2,5,4,1,5,5,2,2,1,2,2,7,7,0,0,8,7,7,3,3,4,1,3,5,3,7,7.428571429,3.714285714,3,2.3,4.2,3.7,3.5,4.2,3.1,4.5,2.2,3.5,3.7,3.9
27,2,20,2,3,2,21,1,5,4,4,4,4,2,3,2,2,4,2,5,2,3,2,4,1,4,1,2,4,4,3,5,4,2,3,4,4,1,2,4,2,4,4,5,5,4,4,4,4,5,4,4,2,4,3,2,3,4,2,2,5,2,1,2,4,2,1,2,4,4,4,2,2,4,2,2,2,4,2,2,4,2,4,3,2,2,1,1,4,2,4,4,4,4,2,4,4,1,1,4,4,2,2,2,4,4,4,4,4,4,4,5,4,4,4,4,3,4,2,2,4,2,2,2,4,3,2,8,8,0,0,7,4,6,4,4,5,1,5,5,2,6,7,4.571428571,3.3,3.6,3.5,3.7,3.8,4.2,2.6,3.2,3.8,4.2,3.3,3.5
28,1,27,7,8,2,12,1,4,2,4,2,3,4,2,2,2,4,1,5,1,1,3,4,2,1,1,1,5,3,2,5,3,4,2,2,2,1,1,4,3,2,4,4,4,4,4,2,3,3,1,3,3,4,1,1,2,4,1,3,3,2,2,2,3,2,1,1,4,3,4,4,3,4,3,2,2,3,1,4,1,1,3,5,4,4,1,1,5,4,2,5,3,4,1,4,3,2,2,4,4,2,4,4,4,3,5,2,3,4,2,4,1,5,1,1,1,3,1,4,2,1,2,2,4,1,1,8,8,0,0,8,8,8,5,4,5,2,4,4,2,7,8,4.285714286,3.8,3.4,3.8,3.9,3.9,4.5,3.8,4,4.4,3.9,3.7,4.2
28,2,25,3,6,2,10,3,5,3,4,1,4,4,2,2,2,2,3,3,1,4,2,3,3,3,2,1,5,3,2,4,2,3,1,3,3,1,4,3,3,4,3,4,3,5,4,4,4,4,3,4,1,3,2,2,2,4,1,3,4,4,3,3,3,4,3,4,4,4,4,3,3,5,3,2,4,3,3,3,2,4,1,4,2,4,1,1,4,1,1,2,3,4,2,2,2,2,2,3,1,2,3,2,4,4,2,3,4,4,2,4,2,3,2,2,2,4,2,3,4,5,1,3,1,2,2,8,8,0,0,8,8,8,4,4,4,2,4,5,2,6,8,4.142857143,3.3,2.4,4,3.6,3.3,3.6,3.4,3,2.7,3.7,3.8,2.9
29,1,21,6,3,2,13,2,4,2,4,5,2,3,-99,1,4,4,4,1,4,2,3,2,2,2,2,2,4,2,3,4,4,2,2,5,4,2,4,3,2,3,3,2,2,4,4,4,4,4,3,4,2,2,4,4,3,4,4,4,4,2,2,4,4,4,2,2,4,2,4,2,4,2,4,2,2,4,2,4,4,2,2,4,2,2,2,1,4,2,3,2,3,2,2,5,3,5,4,4,2,2,4,5,3,4,4,2,4,3,4,3,2,5,2,1,2,4,4,2,4,4,3,2,2,2,2,7,7,3,2,7,7,7,5,5,5,1,5,5,2,5,6.571428571,4.857142857,2.6,2.9,3.3,3.4,2.888888889,3.2,3.4,3.8,3.2,3.6,2.9,3.2
29,2,21,2,3,2,13,3,3,4,-99,4,5,1,2,2,2,5,1,5,2,3,3,5,3,3,2,2,5,4,3,4,3,2,2,4,2,5,2,3,4,5,3,5,4,3,5,2,4,5,4,3,2,5,2,2,3,4,3,1,3,5,2,3,3,1,1,4,2,4,4,2,4,4,2,2,1,1,1,1,5,1,4,3,2,3,2,1,5,1,3,2,2,4,1,3,2,4,5,4,5,5,4,3,4,3,4,3,3,4,3,5,1,2,2,4,2,4,1,4,3,3,3,3,4,4,1,8,8,0,0,8,8,7,4,5,5,1,4,4,3,6,7.857142857,4.285714286,3.7,4.2,3.888888889,3.3,3.3,3.2,3.7,2,4.6,4.1,2.6,2.6
31,1,22,8,3,2,9,4,4,2,3,2,4,3,4,2,2,4,2,4,4,4,2,2,2,5,2,1,2,1,5,4,5,5,2,1,4,4,4,4,2,2,5,4,4,5,5,2,4,5,4,3,3,5,5,2,4,4,4,2,5,1,5,1,3,3,2,2,5,2,4,5,5,2,4,1,5,5,3,2,2,2,2,1,2,5,4,1,4,5,3,3,4,4,2,5,3,5,2,4,2,2,4,3,5,4,2,1,5,5,2,4,2,5,2,4,3,4,4,2,3,2,1,2,2,2,1,7,7,0,0,7,7,7,4,3,4,3,3,4,3,5,7.285714286,3.428571429,3,3,3,3.9,2.8,3.4,3.3,4.3,2.7,4,3.8,2.7
31,2,22,8,3,2,9,2,5,2,4,4,2,4,5,4,4,4,2,4,4,4,2,2,2,2,2,2,4,5,3,3,4,4,2,4,4,2,2,4,2,2,3,2,4,4,2,4,4,5,4,4,4,4,4,4,5,2,5,4,2,2,2,4,3,2,4,4,2,4,4,2,2,3,1,2,4,2,2,4,2,2,2,2,2,4,2,1,5,1,3,4,4,4,2,4,4,2,5,4,2,5,4,3,2,4,4,4,3,4,2,4,2,4,4,2,2,5,4,4,4,2,5,2,2,4,2,7,6,0,0,7,7,7,3,3,4,1,4,5,3,5,7.142857143,3.857142857,2.4,3.5,2.6,3,3.7,3.6,3,2.2,3.1,4.2,2.3,3.4
30,1,26,8,9,2,37,2,4,4,4,3,4,4,3,1,2,3,1,3,4,4,4,3,3,3,4,2,4,4,4,3,4,4,2,4,4,2,2,3,2,2,4,4,4,4,3,3,2,4,4,4,2,5,2,2,2,4,1,2,2,3,2,4,3,1,2,2,4,4,4,4,2,2,2,2,2,4,2,4,3,3,2,4,4,3,2,2,4,4,3,2,4,4,2,4,4,2,2,4,3,2,4,4,4,2,3,4,3,4,4,4,2,4,2,2,2,4,2,2,4,4,2,3,4,2,2,7,7,2,0,7,7,7,4,4,4,3,3,5,3,6,7,3.714285714,3.4,3.8,3.7,3.6,2.9,3.6,3.4,3.8,3.6,3.6,3.1,3.3
30,2,23,8,5,2,37,3,4,2,4,3,2,2,3,2,1,3,4,1,4,4,3,2,3,2,4,4,4,2,3,2,4,2,3,2,2,2,3,2,4,4,2,3,2,2,3,2,4,4,4,3,2,2,3,4,2,4,3,2,4,3,4,3,3,2,3,2,4,3,4,3,4,2,2,2,2,2,2,2,2,3,4,4,4,2,2,1,3,4,4,3,4,4,2,3,3,2,3,5,4,2,2,4,2,4,4,2,3,4,2,5,2,5,3,4,2,4,2,2,3,3,2,4,2,2,3,6,2,5,5,8,5,5,4,4,4,3,4,3,3,4,4.571428571,3.571428571,2.8,2.8,3.6,2.6,2.4,2.8,3.1,3.7,3.7,3.9,3.1,3.2
32,1,23,7,5,2,16,2,4,4,4,2,5,2,2,2,2,2,1,5,2,2,4,2,2,2,2,2,5,2,4,5,4,4,2,4,2,2,2,4,4,3,4,4,5,4,4,2,5,5,2,4,2,2,2,2,4,4,2,4,4,1,2,3,2,4,1,2,4,3,4,4,4,4,4,3,4,4,1,4,4,3,4,4,2,3,2,1,4,4,4,4,3,2,2,4,2,2,2,4,2,3,4,2,2,2,4,2,4,4,3,3,2,5,2,5,2,4,2,2,4,3,2,3,2,1,5,6,6,1,1,7,7,7,3,4,4,2,2,4,3,4,6.714285714,3.428571429,3.6,2.5,3.9,3.9,3.7,4.2,3.2,4.1,3.4,3.2,3.2,3.3
32,2,23,6,5,2,16,1,5,3,5,3,5,3,2,3,2,4,1,2,4,4,2,5,3,2,2,2,5,2,3,4,5,4,2,3,2,5,1,4,3,2,5,3,4,3,4,2,3,4,4,4,4,5,2,4,3,2,4,2,3,2,1,2,3,2,1,2,4,4,5,2,4,3,2,2,2,2,1,4,1,2,2,4,4,4,2,2,4,2,3,4,4,4,2,2,2,4,2,4,3,3,5,3,5,3,4,4,3,4,4,2,4,3,3,2,5,5,2,4,4,2,3,2,2,4,1,8,8,0,1,7,8,7,4,4,4,3,4,4,3,4,7.571428571,3.714285714,4,3.8,3.4,3.3,3.3,3.2,4,2.4,3.4,3.8,3.6,3.4
34,1,19,2,2,2,8,2,5,3,4,4,5,3,5,2,4,4,1,3,2,4,3,4,4,4,2,4,2,2,4,4,4,2,2,2,2,2,4,2,2,2,4,4,4,4,2,3,-99,4,4,3,2,4,3,2,2,4,4,4,3,2,2,4,3,3,2,2,4,4,4,4,4,3,4,2,5,5,2,3,4,2,2,4,4,4,4,2,4,4,2,3,4,4,3,4,2,3,2,4,2,4,4,3,4,4,2,2,3,4,4,2,2,5,2,4,5,5,2,2,5,2,2,4,1,2,1,8,8,3,1,7,8,8,4,4,5,2,3,5,4,7,7.285714286,3.857142857,3.777777778,3.2,2.8,2.8,3.4,3.6,4.1,4,2.7,3.7,3.3,3.1
34,2,21,7,2,2,8,2,5,3,4,5,5,4,5,2,2,4,1,2,4,4,2,5,3,5,4,2,5,3,4,4,2,2,4,2,4,2,4,4,2,4,2,3,4,4,4,2,4,5,3,3,4,5,3,5,4,4,4,2,5,4,1,5,4,1,1,2,5,4,2,2,2,4,5,2,4,3,1,2,2,2,2,4,2,5,1,4,4,2,4,4,2,4,3,2,4,2,2,4,2,2,3,3,4,5,5,2,4,4,2,4,3,3,5,2,5,4,5,4,2,3,5,2,2,2,1,8,8,0,0,8,8,8,5,5,5,2,4,5,3,7,8,4.428571429,3.4,3.9,3.1,3.1,3.6,3,2.6,3,2.6,3.9,4.1,3.3
119,1,20,8,3,2,12,4,5,3,5,2,4,3,3,3,3,2,1,4,2,3,3,3,3,2,2,3,4,3,3,2,3,3,2,3,3,3,2,4,3,4,4,4,4,4,3,2,3,4,2,3,4,3,3,3,3,3,2,3,2,1,3,3,3,3,2,3,3,3,4,4,2,2,2,2,3,4,3,2,4,3,4,4,3,3,4,3,3,4,4,3,4,2,3,4,3,4,4,3,3,3,3,2,4,4,3,2,3,3,4,3,3,4,3,3,3,4,4,2,3,4,4,4,3,2,2,8,8,0,0,0,8,8,3,3,4,2,4,4,3,6,6.857142857,3.571428571,3.4,2.8,3.4,3.2,3.7,3.4,2.9,3.9,3.1,3.1,2.4,2.5
119,2,20,9,2,2,9,2,4,1,2,4,5,1,2,1,4,5,2,1,5,2,4,5,1,2,4,4,3,2,4,4,4,3,4,2,1,4,4,4,4,3,4,4,4,3,4,3,5,4,4,2,4,4,4,4,3,2,4,4,1,5,3,4,3,3,3,2,4,4,5,1,5,1,2,2,4,1,1,1,1,2,2,5,4,2,1,3,5,1,5,2,1,4,1,1,1,5,4,4,4,5,5,4,5,5,5,5,5,4,2,4,1,2,5,4,4,4,1,5,5,5,2,2,4,2,1,8,8,0,0,8,8,8,3,4,5,1,5,5,4,7,8,4.142857143,2.8,3.3,2.8,2.8,2.5,2.7,3.7,1.8,4.2,4,4,2.4
116,1,21,7,4,2,5,2,4,2,2,2,5,2,5,2,2,2,1,2,4,4,4,1,1,2,2,1,2,2,2,4,4,3,1,2,2,4,2,4,3,3,5,2,4,4,4,4,3,3,4,4,3,2,2,2,1,4,1,2,5,4,2,2,4,3,1,4,4,4,2,4,5,2,2,2,2,2,2,2,2,2,4,4,4,2,2,2,4,4,3,2,2,2,2,5,1,4,4,4,4,2,4,5,4,5,4,4,3,4,2,4,4,2,2,2,2,4,2,2,5,4,4,4,4,3,4,8,8,1,1,8,8,8,4,4,4,2,4,5,3,5,7.714285714,4,4.1,2.3,3.6,3.6,3.2,2.9,3.9,3.4,3.6,3.7,3.2,2.9
116,2,22,3,4,2,4,4,1,2,4,4,3,2,2,1,3,3,3,3,1,2,3,4,3,1,4,3,3,2,4,3,4,3,2,4,3,2,3,5,5,2,2,5,5,4,5,2,3,5,2,3,1,4,2,2,2,2,1,3,1,3,2,1,4,3,2,2,4,5,4,2,2,2,3,1,4,2,3,1,4,2,3,3,3,4,4,1,4,1,3,4,4,5,1,1,3,5,1,5,3,2,3,2,4,3,4,4,4,4,4,5,4,3,2,2,2,5,3,2,4,3,2,5,2,5,3,5,6,0,1,5,6,5,3,2,4,2,2,3,2,6,6,3.142857143,2.8,3.5,4.1,3.6,3,3.6,3,2.3,3.2,4.3,3,2.7
117,1,23,8,4,2,36,3,4,3,4,2,3,3,3,2,2,2,1,4,1,3,5,4,3,3,1,3,5,2,2,4,2,2,1,2,3,2,1,4,4,2,5,4,5,4,4,2,2,3,2,3,2,4,2,2,2,2,1,2,4,4,1,2,4,2,1,2,5,3,3,3,5,4,4,3,2,4,1,4,1,3,4,4,2,2,2,3,4,4,3,4,3,3,2,4,2,2,1,2,4,2,4,4,4,4,4,2,4,3,3,4,4,5,3,3,4,2,3,2,4,4,2,2,4,2,1,8,8,0,0,8,8,8,4,4,5,1,4,5,3,7,8,4.285714286,4,3.2,4.4,3.2,4.2,3.4,3.7,4,3.6,3.1,4.1,3.6
117,2,22,8,4,2,34,2,4,3,4,4,2,3,4,2,2,4,2,2,2,4,4,2,2,3,2,2,4,2,3,3,4,4,2,2,3,4,2,3,4,2,2,4,4,4,3,2,2,4,2,2,2,4,2,2,3,2,2,4,4,3,2,2,4,3,2,2,4,4,4,3,4,4,2,2,2,2,2,4,2,2,4,4,4,4,2,2,4,2,3,4,4,4,2,3,2,4,4,3,4,4,3,4,2,4,4,2,4,4,4,4,2,4,4,2,2,4,2,4,4,2,4,4,3,4,2,8,8,0,0,8,8,8,4,4,4,1,4,4,3,6,8,4,3.2,3.1,3.9,3.2,3.7,3.2,3.4,2.8,3.9,3.7,2.6,3.6
115,1,19,8,1,4,12,1,5,4,4,1,5,4,5,2,1,2,1,5,1,3,2,4,2,2,2,5,2,5,5,5,2,2,1,1,1,1,1,5,2,4,4,5,5,4,3,1,1,5,4,3,1,5,4,3,3,3,1,5,3,1,1,2,2,3,1,1,2,1,5,2,5,2,2,2,1,3,1,2,3,3,4,5,5,2,3,1,3,5,4,2,4,1,1,5,2,3,2,2,4,5,3,2,2,2,3,1,4,5,4,2,2,5,3,2,5,2,1,2,5,2,5,5,2,2,1,8,8,0,0,8,8,8,5,5,5,1,5,5,3,7,8,4.714285714,3.7,2.9,3.5,3.3,4.3,4.6,3.9,3.9,4,2.3,2.6,3.3
115,2,19,9,1,2,12,1,5,4,5,3,3,2,3,2,2,2,1,3,2,2,4,4,4,4,2,1,4,4,3,4,3,4,2,4,3,1,1,5,3,4,3,3,4,5,4,2,3,5,3,4,2,4,3,3,3,5,1,3,3,2,2,2,3,3,1,2,5,5,5,3,3,3,3,2,2,1,1,3,2,1,3,4,3,4,1,1,5,3,3,4,2,4,1,3,3,1,1,5,3,3,3,3,4,4,4,3,3,4,2,5,1,3,3,3,3,4,1,4,3,3,1,2,3,3,1,8,4,1,0,8,8,8,4,4,5,2,4,5,3,7,7.285714286,4.142857143,3.5,3.3,4,4.4,3.8,3.6,3.4,2.8,4.2,4.5,4.2,3.4
114,1,23,7,4,2,8,4,4,3,4,2,5,3,3,1,2,3,3,3,2,4,4,3,4,4,2,4,4,3,3,2,3,3,2,4,2,4,2,4,3,4,4,4,4,3,3,2,3,3,2,2,2,4,3,2,3,2,3,3,4,4,3,3,2,2,1,4,3,4,4,4,3,2,2,2,3,4,3,2,3,4,4,5,4,4,4,2,4,4,2,2,4,4,2,4,2,4,3,3,2,2,4,4,3,2,4,2,4,3,3,2,2,4,2,4,2,4,2,2,4,4,4,4,2,2,2,8,8,0,1,8,8,8,4,4,4,2,3,4,3,5,7.857142857,3.714285714,3.8,3.2,3.5,2.9,3.6,2.7,3.6,4.1,3.5,3.1,2.5,2.3
114,2,21,7,4,2,8,5,4,2,3,4,4,3,2,3,2,3,3,2,2,3,5,5,4,2,2,3,4,4,3,3,3,2,1,3,2,3,2,4,3,4,3,4,4,4,3,1,2,4,3,2,2,4,3,2,2,3,2,3,4,3,3,4,3,2,2,4,3,3,4,2,4,2,2,2,3,2,3,4,4,2,4,2,3,2,2,3,4,1,3,4,3,3,1,2,2,4,2,4,2,4,3,2,4,4,3,2,2,3,2,3,2,4,3,3,1,3,1,4,4,4,4,3,3,4,3,6,6,2,0,7,6,7,4,4,4,3,3,3,3,5,6.571428571,3.428571429,3.6,3.7,3.8,2.8,3.3,3.1,3.4,2.3,3.7,3.4,2.9,2.8
113,1,23,9,4,2,34,3,4,3,4,1,5,3,3,4,3,3,1,3,2,5,4,1,4,2,2,4,5,5,5,1,4,2,3,4,2,2,5,4,2,5,2,5,2,3,4,4,3,5,4,2,1,3,4,4,2,3,3,3,5,4,5,5,2,4,1,4,4,4,3,5,4,2,4,2,4,5,1,2,3,2,4,5,3,4,3,2,4,5,3,1,4,5,2,4,2,4,3,4,5,2,4,3,4,4,5,3,4,4,4,3,2,5,3,4,2,4,2,2,4,5,3,2,3,2,1,8,8,0,0,8,8,8,3,5,4,2,4,5,2,6,8,4.142857143,3.6,2.5,3.5,2.3,2.5,3.2,3.7,4.4,3.8,4,3,2.1
113,2,22,9,4,2,34,3,4,4,5,2,3,2,4,1,2,4,5,2,4,4,4,5,3,2,2,2,4,4,3,3,4,4,1,4,3,3,4,4,4,4,3,5,4,2,5,4,3,3,3,5,2,4,3,3,3,4,3,2,4,4,2,3,4,2,2,2,4,4,5,1,4,2,2,2,4,3,4,2,2,5,3,4,4,2,2,4,4,3,4,4,3,2,3,2,2,4,4,4,2,4,5,3,4,4,2,3,3,4,4,4,2,4,3,4,4,4,2,3,5,4,2,5,2,3,1,8,8,0,0,8,8,8,4,4,4,2,4,4,3,6,8,3.857142857,3,3.5,4.2,3.7,3.2,3,3.7,2.8,3.1,3,3.3,2.9
112,1,29,8,5,2,44,1,5,5,5,1,2,5,3,1,1,1,1,3,1,4,5,3,2,1,1,1,5,2,3,5,2,5,1,2,3,1,1,5,3,1,2,5,5,5,4,5,5,5,2,4,1,4,1,1,2,5,1,5,3,1,1,2,3,2,1,2,5,5,5,1,5,4,2,2,3,1,1,4,3,1,3,3,3,2,2,1,5,2,2,5,2,5,1,2,1,1,1,5,3,4,4,3,5,3,3,3,2,4,2,5,1,3,2,2,2,5,2,5,1,2,2,2,3,4,1,8,8,0,0,8,8,8,5,5,5,1,5,5,2,7,8,4.857142857,3.1,2.4,4.5,4.5,4.3,4.8,4,2,3.9,4.6,3.8,4.1
112,2,23,3,5,2,44,2,5,4,5,2,5,3,2,1,3,1,-99,4,3,2,4,3,4,3,2,2,5,2,2,5,3,4,2,3,2,2,2,3,2,3,3,5,5,3,3,3,3,5,2,2,2,2,2,2,2,3,2,2,4,2,4,2,2,3,1,1,5,5,5,5,2,5,4,1,1,2,1,5,1,1,5,5,3,1,1,1,5,5,4,5,2,5,1,4,3,1,1,5,5,2,3,5,5,5,5,5,5,5,1,4,1,5,1,1,4,5,1,5,4,1,1,1,5,1,1,8,8,0,0,8,8,8,5,5,5,1,5,5,2,6,8,4.857142857,4,2.6,3.6,3.6,3.4,4.1,3.3,3.7,5,4.9,4.7,5
111,1,21,8,4,2,24,5,5,5,5,3,4,1,4,5,1,5,4,4,3,1,1,4,1,1,4,4,5,1,3,1,4,5,3,2,5,3,1,5,5,3,2,5,5,5,5,5,5,5,4,5,5,5,5,5,5,5,1,4,1,1,3,5,5,1,1,1,5,1,2,1,5,1,5,5,5,1,5,1,3,5,1,5,1,5,2,5,2,1,5,1,4,1,5,3,1,4,5,1,1,5,1,3,5,1,1,5,5,3,3,5,4,5,5,5,3,5,1,5,5,-99,3,5,1,1,5,8,8,1,0,8,8,8,2,5,5,1,4,5,3,5,7.857142857,4.142857143,2.1,3.1,4,3.9,3.6,3.1,2.2,2.4,1.7,1.8,3.4,2
111,2,20,7,3,2,25,2,5,2,5,4,4,5,5,5,2,4,1,2,1,4,2,4,2,3,2,2,4,4,2,2,4,2,2,4,4,4,1,4,2,4,4,4,5,4,3,4,4,5,4,2,4,4,2,4,4,4,1,4,2,2,1,2,2,2,1,4,4,4,4,4,2,2,2,2,2,4,2,2,4,2,4,4,4,4,2,2,4,2,1,1,4,4,2,4,4,4,2,4,4,4,4,4,4,4,4,2,2,4,4,2,4,4,2,2,4,5,2,2,2,5,5,2,5,2,1,8,8,0,0,8,8,8,5,4,4,1,4,5,3,7,8,4.285714286,3.4,3.4,3.3,2.9,4.2,3.3,3.6,3.6,3.9,3.9,2.9,2.4
110,1,22,2,2,2,23,3,5,4,3,4,5,5,4,4,2,5,5,2,2,1,4,4,2,2,1,1,4,1,4,3,4,4,3,4,2,4,4,4,3,4,2,5,3,4,5,2,4,5,5,5,3,5,4,1,3,3,3,2,3,2,3,4,4,5,4,3,5,2,4,5,5,2,5,1,4,5,3,2,1,2,3,4,3,4,2,4,3,2,3,4,4,3,2,4,4,3,2,4,2,-99,4,2,5,4,2,2,5,5,2,2,3,5,2,4,2,4,2,1,2,4,1,4,1,1,3,6,7,0,1,6,6,6,3,3,4,3,3,4,3,5,6.571428571,3.285714286,2.5,3.4,3.6,3.8,3.2,3.8,3,4.333333333,2.8,3.2,4.1,2.7
110,2,21,2,2,2,23,2,5,2,2,2,3,3,2,1,2,4,4,4,3,2,3,4,2,3,3,5,4,5,4,5,4,3,3,2,2,3,3,3,1,1,3,5,-99,4,3,2,4,4,3,1,3,5,4,4,2,1,3,2,3,3,2,2,2,1,1,5,1,3,3,2,3,4,1,1,1,2,3,2,5,2,4,2,3,2,2,1,3,3,4,1,5,3,1,2,5,2,5,3,5,5,3,5,1,4,5,5,4,4,3,5,2,4,5,5,2,4,3,5,2,5,5,2,5,2,2,8,8,0,3,4,8,8,3,3,3,3,3,5,3,5,7,3.285714286,2.8,4,2.8,2.8,3,3.6,2.4,2.2,4.2,4,1.6,2.7
118,1,20,8,3,2,7,2,5,2,3,2,3,3,4,1,2,4,3,4,3,3,4,4,3,2,2,2,3,2,2,4,3,2,2,3,2,2,2,4,1,3,2,3,4,4,4,2,2,4,4,3,4,4,3,3,2,3,4,4,4,3,2,2,2,3,3,2,5,1,5,4,3,2,2,2,1,3,1,1,5,3,5,5,4,2,2,3,5,4,4,3,4,2,2,4,3,3,1,3,5,2,4,3,4,5,5,3,4,4,4,3,2,4,4,3,3,3,2,3,3,3,4,4,4,2,1,8,8,0,0,8,8,8,5,4,4,2,4,5,2,5,8,4.285714286,3.3,3.1,2.9,3.4,3.5,3.6,3.3,3.8,4.6,2.9,3,3
118,2,20,9,3,2,7,2,5,4,4,5,5,2,4,1,4,5,3,4,4,5,1,1,5,5,1,4,5,5,5,1,5,5,4,5,5,1,5,5,3,5,5,5,5,4,1,4,2,5,5,1,1,5,2,1,1,1,2,1,5,5,2,5,4,5,5,2,5,5,5,4,5,1,4,5,5,2,2,5,2,5,4,5,2,2,2,1,2,2,4,2,4,4,2,2,2,2,2,5,1,2,4,1,5,5,1,4,2,3,4,5,5,5,2,4,2,5,5,5,5,5,1,5,1,1,1,8,8,1,8,8,8,0,5,5,5,3,5,3,2,2,5.571428571,4.285714286,3.4,3.5,3.1,2.9,2.9,3.3,3.9,3.2,2.1,3.7,3.7,2.7
1,1,25,7,9,3,61,3,5,2,2,1,5,3,4,2,1,4,5,3,1,4,5,2,5,3,5,4,5,4,2,3,2,5,2,3,1,5,1,3,2,2,3,5,5,5,4,2,1,5,2,2,2,5,2,5,4,2,5,4,5,5,5,4,3,2,5,2,5,2,4,2,5,5,5,4,4,4,1,2,2,5,4,4,4,4,2,4,4,4,4,4,4,5,4,4,1,4,1,5,1,2,5,2,5,5,2,2,4,4,3,2,2,5,4,4,4,5,4,2,5,4,1,2,1,2,1,8,8,0,0,8,8,8,3,5,4,2,4,4,2,5,8,4,3.8,3.3,3.5,2.9,3.8,2.8,4,3.9,2.6,3.3,4.2,2.9
1,2,26,5,9,2,61,1,5,4,4,4,5,5,3,4,2,5,1,4,2,5,4,5,4,2,3,2,4,3,3,4,4,4,2,4,2,1,1,4,2,1,5,3,5,3,3,2,2,5,4,4,5,5,2,5,2,4,5,1,5,2,2,3,2,1,1,4,4,2,4,4,4,2,2,2,2,4,4,1,4,2,5,5,4,3,3,2,3,4,2,1,4,3,2,2,1,5,1,4,2,1,4,3,5,4,3,1,3,5,2,3,3,5,2,3,1,4,5,4,5,5,4,5,3,1,1,8,8,0,0,8,8,8,5,5,5,1,4,5,3,6,8,4.571428571,4.4,4.5,2.9,3.3,3.5,4,4,4.1,3.2,3.3,3,2.2
73,1,26,8,5,2,6,2,4,3,4,4,5,4,4,4,3,2,4,2,1,4,3,2,2,4,1,1,2,2,4,4,4,3,1,4,2,2,1,5,4,1,4,2,5,5,4,4,3,4,2,5,2,4,4,4,5,4,1,4,4,2,2,2,3,1,1,2,5,4,4,4,5,4,5,1,2,2,1,5,4,1,4,4,5,2,4,1,5,5,4,4,3,4,1,5,5,3,1,3,2,4,5,5,4,3,4,2,4,3,2,5,5,5,2,1,3,4,1,2,5,2,2,2,4,1,1,8,8,0,0,8,8,8,5,5,5,1,5,5,2,5,8,4.857142857,3.3,3.2,3.7,3.8,4.3,3.2,3.9,4,3.8,4.2,3.7,4.1
73,2,22,8,5,2,6,2,5,2,4,2,3,4,4,2,2,4,2,2,4,4,3,4,2,2,4,2,5,4,3,4,4,4,2,4,2,2,2,4,4,4,2,4,4,4,4,4,1,5,4,3,2,4,2,2,1,4,2,2,4,4,2,2,3,2,2,3,4,4,4,2,3,2,5,1,2,1,2,2,1,2,2,4,2,4,1,1,4,4,2,3,2,4,2,2,2,1,1,5,2,2,NA,4,5,4,4,5,4,2,1,2,4,4,2,4,5,5,2,4,4,3,2,4,5,2,2,7,6,1,1,8,7,7,5,4,4,2,4,4,2,6,7,4.142857143,3.5,3.4,3.9,3.5,3,3.7,3.444444444,2.8,3.5,4,4.7,2.8
128,1,22,8,5,2,26,1,5,2,2,2,5,1,2,2,4,4,1,5,2,4,3,2,4,1,2,2,2,2,1,4,4,2,3,4,2,2,2,2,2,4,4,2,4,2,1,4,1,3,2,2,5,4,1,4,2,1,5,1,3,1,1,2,1,5,1,1,2,5,4,4,5,2,2,1,1,4,1,5,4,4,4,4,4,3,4,1,5,2,1,5,4,4,1,4,2,3,4,4,3,4,5,5,3,4,3,2,4,5,3,3,2,5,1,1,4,5,4,1,5,1,2,4,4,1,1,8,8,0,0,8,8,8,5,4,4,1,1,5,2,6,8,4,4.5,2.8,1.8,2.5,3.6,3.6,4.5,3.9,3.9,3.9,2.6,4.3
128,2,22,2,4,2,26,1,5,4,4,4,3,5,2,1,1,4,2,5,2,5,2,5,1,2,2,1,4,5,3,5,4,5,1,4,5,1,2,5,5,2,2,3,4,4,5,1,4,5,3,3,1,5,5,1,3,4,4,2,2,1,4,4,3,1,3,1,5,5,4,3,3,5,2,1,1,4,3,5,2,5,2,4,1,2,2,1,2,1,2,4,2,4,2,4,3,2,2,4,2,2,2,4,4,3,2,4,4,5,2,2,2,4,4,1,2,4,4,4,4,1,2,3,3,2,3,8,8,0,0,8,8,8,5,4,4,1,3,4,2,7,8,4.142857143,2.2,4.5,4,3.8,3.3,4.7,2.7,3.2,3,3.6,3.7,4.6
87,1,20,9,2,2,12,4,4,4,3,2,5,4,2,1,4,2,4,4,4,4,2,4,1,4,2,2,5,2,4,2,4,4,1,2,1,4,2,4,1,4,4,4,4,4,3,2,4,3,2,2,2,2,3,2,4,2,2,4,5,3,4,2,3,4,4,4,5,4,4,4,2,2,4,1,2,4,4,2,4,2,4,4,4,4,2,2,4,3,4,2,4,4,1,4,3,5,2,4,4,2,2,4,4,4,4,2,3,4,4,2,4,2,2,4,2,4,3,2,3,5,2,3,4,3,4,8,7,0,1,7,7,8,3,4,4,2,4,4,3,5,7.428571429,3.714285714,3.1,2.4,3.2,3.5,3.2,3,2.7,3.6,3.8,3.8,3.3,2.2
87,2,21,9,2,2,12,3,5,4,4,3,5,4,3,3,2,2,1,3,1,4,4,4,4,4,2,3,5,4,3,4,2,4,1,1,1,3,1,4,3,3,5,5,5,5,4,4,3,4,1,3,1,3,3,2,4,3,1,4,4,3,2,3,4,2,1,3,4,4,5,1,5,3,4,3,4,2,1,5,3,4,2,4,4,2,1,3,5,4,4,3,2,4,1,1,2,3,2,4,2,4,5,5,4,4,4,5,3,4,1,2,1,3,3,2,4,4,1,4,5,3,5,2,3,3,1,8,3,0,0,8,8,8,5,4,4,1,4,4,2,6,7.285714286,4.285714286,4.2,2.8,4.3,3.4,4.4,3.5,4.1,2.3,3.8,3.4,3.8,3.7
124,1,20,6,3,2,17,2,4,2,4,2,2,2,3,2,2,1,1,2,2,2,4,2,2,2,2,2,4,2,3,4,2,-99,2,2,2,2,2,3,4,4,3,3,3,3,3,2,4,4,2,2,2,3,2,2,2,3,2,1,3,3,2,2,3,2,2,2,2,3,3,4,3,2,2,2,2,4,2,2,3,2,3,3,3,2,2,2,3,2,2,3,3,2,2,4,3,3,3,3,2,3,3,3,3,3,2,2,2,4,3,2,2,3,2,2,2,3,3,2,1,3,3,2,2,2,2,8,8,1,0,8,7,7,3,3,4,2,3,4,3,7,7.571428571,3.428571429,3.2,2.7,3.8,3.222222222,3.6,3.4,3.3,3.5,3,3.2,2.8,3.2
124,2,20,9,3,2,17,4,5,2,4,2,3,3,4,1,1,1,1,1,4,1,5,5,2,2,1,2,3,3,3,3,3,1,1,5,3,3,1,5,5,3,3,5,5,5,5,2,5,5,4,3,1,5,1,1,1,5,1,1,5,5,1,1,5,1,1,5,5,5,5,1,5,3,2,1,1,1,5,4,2,1,5,2,4,4,5,1,5,1,4,1,5,3,1,1,1,1,1,5,5,1,5,5,5,5,3,5,5,5,5,3,1,1,1,1,1,5,1,5,5,5,5,5,5,5,5,8,8,0,0,8,8,8,5,5,4,1,5,5,2,5,8,4.714285714,3.5,3.8,4.7,4,3.7,3.2,3.4,1.5,4.8,4.2,2.6,3.2
51,1,20,8,2,2,6,2,4,2,4,2,4,4,2,2,1,3,2,2,4,3,5,2,3,2,2,2,4,3,3,4,4,2,2,4,3,4,4,4,4,2,3,4,2,4,4,2,4,4,4,3,3,5,2,2,2,2,3,3,5,2,3,2,5,3,2,2,2,5,4,4,2,3,2,2,2,3,2,3,4,1,3,5,4,2,2,1,3,4,2,4,3,4,3,5,4,3,2,5,2,3,4,4,3,5,3,3,3,5,3,4,2,5,2,2,2,4,3,2,3,2,2,1,2,2,2,8,8,0,1,8,8,8,4,4,4,2,3,4,3,6,7.857142857,3.714285714,3.5,3.3,4.1,3.2,2.5,3.6,3.4,4,3.1,4.6,2.9,3.8
51,2,19,4,2,2,6,3,4,4,3,4,3,5,4,2,2,3,3,3,2,1,2,3,3,2,1,1,3,4,4,4,2,2,2,4,2,4,2,4,4,4,3,4,4,2,4,4,3,5,1,3,4,5,3,4,2,4,4,3,3,2,4,3,3,1,2,2,3,2,5,1,2,1,1,1,1,2,5,1,5,2,5,4,2,3,3,2,4,3,2,2,3,3,1,4,3,5,4,2,4,3,3,5,4,3,4,3,2,2,3,3,2,4,3,4,2,3,3,3,4,5,4,4,3,2,3,8,8,0,8,8,8,8,4,3,4,3,1,-99,3,6,6.857142857,3,3.1,3.5,3.1,3.6,3.8,3.6,2.9,3.1,4.2,3.1,2.4,2.2
81,1,26,8,9,2,16,2,5,3,4,4,4,4,3,1,3,4,2,3,2,2,2,4,3,2,2,2,4,4,3,3,2,3,3,4,2,2,1,4,2,2,4,2,5,4,3,3,2,3,1,3,3,4,1,3,2,4,2,4,4,3,2,1,3,2,2,4,4,4,4,4,4,3,2,2,2,4,1,2,4,1,3,4,4,2,2,1,5,4,3,2,2,4,1,5,1,3,2,4,3,4,5,3,3,4,4,3,2,4,2,3,2,4,2,4,2,4,1,3,5,2,4,3,2,2,1,8,8,0,0,6,8,8,4,4,4,2,4,4,3,4,7.714285714,3.857142857,3.9,3.7,3.1,3.9,4.1,3.3,4.4,3.7,3.9,4,3.1,2.9
81,2,26,2,7,2,16,2,4,2,4,4,4,4,2,2,2,2,2,3,4,4,4,3,4,3,2,2,4,4,4,4,2,4,1,2,3,3,3,4,3,4,3,4,3,4,4,3,2,5,3,3,1,4,3,2,4,4,2,3,4,2,3,2,2,2,2,2,4,5,3,4,4,2,2,2,4,4,2,2,2,3,2,4,4,3,2,2,3,2,3,3,4,4,3,4,3,2,2,4,2,2,4,2,4,4,2,4,3,3,2,4,4,3,2,4,2,4,2,3,4,4,2,2,2,3,2,8,6,2,0,7,8,8,5,5,4,2,4,3,3,5,7.285714286,4,3.5,3.1,3.9,3.5,3.2,3.8,3.7,3.3,2.5,4,3.4,2.7
120,1,22,6,4,2,23,4,5,2,4,1,3,1,4,2,1,5,4,3,2,5,5,5,5,5,4,1,5,4,4,3,4,1,1,4,3,5,1,4,4,1,3,4,5,4,2,2,3,2,4,5,1,4,5,5,3,5,4,2,2,2,4,4,4,1,3,1,3,1,5,2,4,2,1,1,1,4,4,3,2,2,4,5,4,2,4,5,5,4,4,4,1,1,1,4,4,5,1,4,4,3,2,4,5,5,5,2,4,4,4,4,2,3,4,5,2,4,1,3,4,2,4,4,5,2,2,8,8,0,0,8,8,8,3,5,5,2,5,5,2,6,8,4.428571429,2.7,4.1,4.1,3.3,3.4,2.2,2.8,3.6,4.7,3.1,3.1,3.2
120,2,20,6,3,2,23,3,5,2,5,2,4,1,2,1,2,2,1,3,2,2,2,5,3,2,2,1,5,2,2,5,3,3,1,2,3,4,2,4,2,3,4,2,5,5,2,1,4,5,2,3,2,4,3,5,2,5,1,2,5,3,2,4,4,1,3,4,5,4,5,2,4,1,2,1,1,2,2,2,2,1,3,4,2,2,1,1,5,2,4,2,2,3,1,4,3,2,1,4,4,4,3,3,5,5,3,2,5,4,1,4,2,3,4,2,2,5,1,2,3,3,1,4,5,2,3,8,8,0,0,8,8,8,4,5,5,1,5,5,2,7,8,4.714285714,3.6,3.4,3.8,3.8,3.7,2.9,2.7,3.1,4.4,4.2,4.2,2.9
129,1,20,9,3,2,10,3,5,3,2,2,5,4,3,2,2,2,2,1,2,2,5,4,5,1,1,1,4,2,5,2,1,2,1,2,2,2,2,3,4,2,4,4,4,4,4,1,4,4,2,3,1,5,4,4,4,4,2,4,2,3,2,2,4,3,1,1,4,2,5,5,5,2,5,2,2,2,5,5,2,2,2,2,4,2,1,1,5,3,5,5,3,4,1,5,1,5,1,3,4,2,3,5,1,2,3,1,1,1,2,4,1,2,4,1,4,4,1,4,1,4,1,2,3,4,4,7,8,1,0,8,7,7,4,4,5,1,3,4,3,7,7.428571429,4,3.4,3.1,4.1,3.6,4.2,3.2,2.9,3.2,4.1,3.6,4,3.5
129,2,20,9,3,2,12,5,5,2,5,3,2,4,5,4,1,2,5,3,4,4,5,2,1,4,2,2,5,3,4,5,2,1,1,3,5,1,1,4,5,4,1,5,5,5,5,2,5,5,4,3,1,2,5,1,4,4,2,2,5,5,4,5,4,3,5,5,5,4,5,4,2,5,2,1,4,5,5,1,5,2,3,5,4,2,2,1,5,4,3,1,4,4,2,5,4,1,4,4,2,1,3,2,2,3,2,1,2,4,4,2,5,4,3,4,1,4,4,2,3,2,1,1,1,2,5,8,6,1,0,8,7,7,5,4,4,3,4,5,4,7,7.285714286,3.857142857,1.6,2.8,4.8,2.8,3.8,3.6,2.6,4.5,2.7,4,2.6,2.9
86,1,27,6,7,2,81,3,5,3,4,2,4,4,4,3,2,2,2,2,2,2,4,3,3,2,2,1,5,1,2,3,3,3,1,2,2,2,2,4,4,2,4,4,4,3,4,2,2,3,2,3,2,4,2,2,2,3,1,3,4,4,2,2,4,4,1,2,4,3,3,2,4,4,4,3,2,2,1,2,2,2,4,3,4,2,1,2,4,2,2,3,2,4,1,2,4,2,2,4,4,2,4,4,4,4,4,1,2,4,2,4,2,4,2,2,2,2,2,4,2,2,2,2,4,4,1,8,8,0,0,8,8,8,5,5,5,1,5,5,2,6,8,4.857142857,4,2.7,4.3,3.5,3.8,3.3,3.8,2.8,4,3.6,3.9,3.7
86,2,24,6,8,2,81,2,1,4,2,5,4,2,1,2,2,4,1,4,2,4,2,5,2,5,4,3,4,5,3,1,5,5,2,5,2,3,5,3,1,5,2,4,4,4,1,1,4,5,3,2,2,5,3,2,2,5,5,4,2,5,5,5,4,1,1,5,5,2,4,4,2,4,4,4,4,5,2,1,1,3,4,5,4,3,1,2,4,4,3,1,2,2,2,4,4,2,1,2,2,2,2,3,4,4,2,1,3,5,2,2,2,5,2,4,3,4,4,4,4,4,1,2,4,2,2,8,8,0,0,8,8,8,4,5,5,1,5,5,2,7,8,4.714285714,3.2,4.2,2.7,3.3,2,2.9,3.2,4.2,3.2,2.9,4.4,2.6
18,1,19,6,2,2,12,2,4,4,4,2,3,3,3,4,2,4,1,3,2,2,2,4,3,2,2,1,5,3,3,4,3,4,2,4,3,1,3,3,2,2,3,5,4,3,2,3,3,5,3,5,2,5,3,4,3,3,3,2,3,2,4,4,2,3,1,2,4,3,5,5,4,4,3,2,3,4,1,5,2,2,5,5,5,2,2,1,5,5,5,5,3,3,1,5,2,4,3,4,4,5,4,5,3,4,4,2,4,4,3,2,2,5,3,2,3,4,1,4,2,3,3,2,3,1,1,8,8,0,0,8,8,8,5,5,4,1,5,5,2,7,8,4.714285714,3.4,3.6,3.2,3.5,3.3,3.9,3.5,4.1,4.3,3.7,3.3,4
18,2,19,6,2,2,12,1,3,2,3,4,4,2,3,3,4,5,2,4,4,3,2,5,2,4,2,3,4,4,2,5,5,2,3,5,1,4,2,3,2,2,4,3,3,3,2,1,2,4,4,2,2,5,2,2,3,2,3,2,4,4,2,4,2,2,2,2,4,5,4,3,5,4,3,2,3,4,3,2,2,1,3,5,4,4,2,1,5,2,4,4,4,4,2,4,1,2,4,5,2,4,4,4,4,2,4,2,2,4,3,5,2,5,2,2,2,5,2,4,5,2,2,4,3,2,2,8,8,0,1,8,8,8,5,5,5,1,4,5,2,7,7.857142857,4.714285714,3.9,4.5,2.7,2.5,2.9,3.3,4,3.5,3.6,4.2,3.2,3.6
121,1,22,8,4,3,6,4,5,4,4,5,2,2,4,2,4,4,2,2,2,2,3,4,4,4,3,2,4,4,4,2,4,3,2,3,2,4,2,5,2,2,5,5,4,4,4,4,2,4,3,4,2,4,3,4,4,2,4,4,4,5,2,3,2,3,3,2,5,4,5,4,4,4,3,2,2,4,1,2,1,2,5,4,5,2,2,1,4,4,4,4,4,2,1,4,3,3,2,4,4,2,2,4,4,4,4,2,2,4,2,4,2,5,2,4,5,4,2,2,2,4,2,2,4,2,2,8,8,0,0,8,8,8,5,5,4,2,5,5,2,5,8,4.571428571,3.5,3.5,3.1,3.7,3.7,2.4,3.5,4.1,4.3,3.9,4,3.3
121,2,21,5,3,2,6,4,4,4,4,4,5,4,3,2,2,3,1,3,2,2,4,5,5,2,3,1,4,4,3,4,3,4,2,4,3,2,2,3,4,3,4,4,4,4,4,2,3,4,2,3,2,4,4,2,4,3,3,2,4,4,2,3,3,2,2,4,4,4,4,2,4,2,3,2,3,1,1,1,4,1,2,4,4,3,2,1,4,4,3,2,3,4,2,2,2,4,3,4,2,3,4,3,4,4,4,3,4,4,2,2,2,4,3,4,2,4,2,4,4,4,2,2,2,2,2,8,8,0,0,8,8,8,4,5,5,1,4,4,2,6,8,4.428571429,3.8,3.9,3.8,3.7,3.7,3.5,3.7,2.9,3.3,4,3.3,2.3
127,1,21,8,3,2,13,2,5,3,4,5,3,2,2,2,5,4,4,1,2,4,3,4,3,1,2,1,3,3,3,3,4,3,2,3,4,2,3,5,3,1,3,5,4,5,3,3,3,5,2,5,3,5,2,4,4,5,4,2,4,2,2,1,2,2,4,2,5,3,5,5,5,4,3,2,2,5,1,3,1,2,5,5,4,1,2,1,5,5,3,4,2,4,1,5,2,2,2,4,3,2,3,4,5,4,4,2,3,5,2,2,1,5,2,2,3,5,2,2,5,3,4,2,3,2,3,8,8,2,0,7,8,8,4,4,4,2,4,5,2,6,7.571428571,4.142857143,2.9,4,2.8,4.2,3.6,3.5,3.9,4.6,4.3,3.9,3.9,4
127,2,20,8,2,2,13,2,3,2,4,5,4,4,3,2,2,4,2,4,2,4,3,5,2,2,2,3,4,4,3,4,4,2,2,4,3,2,3,5,4,3,4,4,4,4,4,2,4,3,4,3,3,5,4,3,3,4,3,1,4,2,4,2,3,2,1,2,4,4,5,4,4,3,3,2,3,2,1,3,2,2,3,5,3,3,2,1,5,4,3,4,4,3,1,4,2,3,2,4,3,2,4,3,4,4,4,1,3,3,2,3,4,5,2,3,3,4,2,4,4,3,2,2,3,2,2,8,7,0,0,8,8,8,4,4,5,2,4,5,2,6,7.857142857,4.285714286,3.3,4.3,3.6,3.3,3,3.8,3.8,3.9,3.7,3.9,3.6,3.2
74,1,22,3,4,2,25,1,5,2,4,4,5,4,2,1,2,4,2,5,2,4,4,5,4,1,4,1,5,5,2,5,4,1,5,2,1,4,1,5,1,1,4,1,4,4,1,1,3,4,2,4,2,4,3,5,1,2,2,2,4,1,1,2,4,2,2,1,5,2,4,4,4,1,2,4,4,4,1,2,1,4,2,5,5,4,4,1,4,4,1,5,5,1,2,4,2,4,4,5,1,1,4,2,4,2,1,1,4,4,1,4,1,5,1,5,5,4,4,1,4,1,2,1,1,1,1,8,8,1,0,8,8,8,4,4,3,2,3,4,2,4,7.857142857,3.714285714,4,4.2,3.2,3.4,3.4,3.7,4.3,4.6,2.6,3.2,3.5,2.9
74,2,23,9,4,2,25,2,4,2,4,4,5,4,2,3,4,4,2,3,1,2,3,4,5,5,2,1,4,4,3,4,4,3,2,4,2,2,2,4,2,3,4,3,5,4,4,2,2,5,4,2,2,4,3,4,5,4,3,2,4,2,2,2,2,2,2,2,5,4,4,4,5,4,2,2,2,4,2,4,4,4,4,4,5,5,2,2,4,4,3,4,4,4,2,4,2,2,1,4,4,2,4,3,4,4,5,2,2,5,4,2,2,4,4,4,2,4,2,2,4,2,2,2,4,2,2,8,8,0,0,8,8,8,4,4,4,1,4,5,3,7,8,4.142857143,4,3.9,3.2,3.5,3.7,3.4,3.9,4,4.1,3.6,3.2,3.5
71,1,22,8,4,4,25,2,5,4,4,4,4,5,5,3,2,2,1,2,5,5,4,3,3,4,2,2,4,2,5,4,4,2,2,5,3,2,1,5,4,1,2,3,5,4,3,4,2,5,3,4,2,4,5,4,5,4,3,2,3,2,1,2,5,3,1,2,4,4,4,5,5,2,5,2,3,2,1,2,1,1,2,4,5,4,2,1,2,4,3,3,4,4,2,5,1,2,2,4,2,2,4,2,4,3,1,3,3,4,3,2,3,4,3,4,3,4,2,2,2,3,2,2,2,2,1,8,8,0,0,7,8,7,4,4,4,2,4,4,3,6,7.714285714,3.857142857,3.1,3.4,3.9,3.5,4,3.5,4,3.9,2.7,3.9,3.8,2.8
71,2,20,4,3,2,22,4,4,4,4,5,5,4,5,2,5,4,1,2,2,2,2,2,4,2,2,2,4,1,2,4,4,4,2,4,1,5,2,4,1,4,5,4,4,4,3,4,3,5,4,4,4,5,1,4,2,4,4,4,4,2,2,2,1,2,2,4,4,4,4,2,2,1,2,2,2,4,4,1,5,5,4,5,3,4,4,4,4,2,4,2,2,4,2,4,2,2,2,4,5,2,2,2,4,5,4,5,4,2,4,2,2,4,5,5,2,4,2,4,2,3,2,5,5,4,2,5,6,1,0,6,6,6,3,4,4,4,3,4,3,3,6.285714286,3.285714286,4.4,3.1,2.4,4,3.5,3.2,2.4,3,4.2,3.1,2.9,2
6,1,21,7,4,2,24,5,4,2,4,1,5,2,4,2,2,4,4,1,2,2,3,4,2,1,2,2,2,2,2,2,4,4,2,4,2,4,4,4,4,2,2,3,5,4,4,2,4,5,2,4,2,5,3,5,2,4,1,4,2,4,4,2,2,1,2,5,4,5,4,4,5,2,4,2,2,5,1,3,2,2,3,4,4,2,2,2,4,5,1,2,4,5,2,5,2,4,2,4,4,2,5,3,4,4,4,4,5,5,2,4,2,5,1,4,2,5,2,2,2,4,2,4,2,2,1,8,6,0,0,8,7,5,4,5,5,1,4,4,2,6,7.142857143,4.428571429,3,3.5,3.6,3.8,3.3,2.4,4.1,4.2,3.7,4.1,3.6,2.6
6,2,21,7,4,2,24,2,4,2,4,5,3,2,4,4,2,5,3,4,4,4,4,4,5,4,3,1,3,4,4,2,3,4,3,4,4,4,2,4,2,2,4,3,4,4,4,4,2,5,4,4,3,5,4,4,2,4,4,2,4,4,2,4,3,1,4,2,2,4,3,2,4,2,2,4,4,2,1,2,4,2,4,4,1,4,2,4,4,2,3,2,4,4,2,2,2,4,4,4,4,4,4,4,2,4,2,4,5,4,4,2,2,4,4,4,2,4,2,2,1,4,4,2,2,4,1,5,7,5,3,7,6,6,2,3,4,3,3,5,4,5,5.571428571,3.142857143,3.1,4.2,3.2,3.3,3.2,2.8,3,2.6,3.3,3.4,2.2,2.6
7,1,23,8,4,2,77,3,5,4,4,4,5,5,3,5,4,3,2,3,5,5,4,4,4,1,4,4,4,3,5,3,3,4,1,3,3,4,2,5,5,5,4,3,5,5,4,4,4,4,3,2,3,5,1,3,2,3,3,4,3,1,2,1,4,4,1,4,3,4,3,3,4,3,5,5,5,4,1,3,3,3,3,5,5,2,5,5,4,4,5,4,3,3,3,5,5,3,2,3,1,3,5,3,3,3,2,4,3,3,3,4,4,5,3,3,2,5,5,1,3,5,3,4,1,1,1,8,8,5,2,6,6,6,3,4,4,2,3,3,5,6,6.142857143,3.142857143,3.6,2.9,3.8,3.2,3.2,3.6,3.5,4.1,2.1,2.9,3,2.9
7,2,21,2,4,2,77,5,4,2,3,2,2,3,3,1,4,4,1,1,4,4,5,5,4,5,2,2,2,2,1,1,4,2,2,4,3,2,2,3,2,4,2,2,4,4,4,2,2,5,4,4,4,4,1,3,1,4,1,1,2,4,2,2,2,2,1,4,3,4,4,1,5,3,4,2,2,1,1,1,2,4,4,4,2,2,2,2,4,2,3,2,4,4,2,2,1,2,2,4,4,4,5,3,2,4,4,4,2,4,3,4,2,4,2,2,2,4,2,4,4,1,2,4,4,2,1,6,6,2,0,3,7,7,3,3,5,2,3,4,3,3,6.142857143,3.571428571,3.7,3.6,3.1,3.4,3,2.3,4.2,2.4,4,3.6,3.2,3.2
13,1,25,8,6,2,52,3,4,2,4,2,4,3,4,2,4,3,4,3,3,2,4,4,3,3,2,2,5,2,3,3,3,4,2,2,2,2,2,4,2,4,3,3,2,4,2,3,2,4,3,4,2,4,2,4,2,4,2,4,5,4,3,3,3,3,2,4,3,4,4,4,5,2,4,2,4,4,2,4,4,2,2,4,4,4,4,2,5,4,2,4,4,5,2,4,2,2,2,4,2,4,3,4,3,3,4,2,4,3,3,4,2,4,2,3,2,4,2,2,5,3,4,2,2,4,2,8,8,0,0,8,8,8,4,5,5,1,5,5,2,7,8,4.714285714,3.6,2.7,3.4,3.7,3.2,3,3.9,3.6,3.3,4,2.7,3.1
13,2,23,1,6,2,52,1,3,5,5,2,5,2,4,1,4,2,4,5,2,1,4,5,5,4,4,1,5,4,3,5,4,5,1,4,2,1,2,5,4,4,5,2,4,5,4,1,1,5,2,5,1,5,2,2,2,5,2,2,5,4,2,1,1,2,2,5,4,4,5,2,4,1,2,1,2,4,1,2,4,1,5,4,5,4,2,1,5,2,3,1,4,5,1,2,2,4,2,5,4,4,5,4,4,4,4,2,1,4,2,4,1,2,1,5,2,5,1,4,4,5,2,1,4,4,2,8,8,0,0,8,8,8,5,5,4,1,5,5,2,7,8,4.714285714,4.2,3.7,3.9,5,3.3,3.7,4.4,2.6,4.6,4.7,3.2,1.9
14,1,19,7,2,2,12,2,4,4,4,2,5,3,2,4,3,5,5,2,2,4,5,4,4,2,2,4,4,2,2,2,4,3,2,5,4,1,4,4,2,2,4,2,4,4,2,2,3,2,2,2,2,2,4,4,2,4,4,2,2,4,2,4,4,2,5,2,4,4,5,4,4,5,2,2,2,4,2,5,2,5,4,4,4,2,2,2,4,4,2,4,4,4,2,4,2,3,2,4,4,2,5,4,4,2,4,2,2,4,3,2,2,4,2,2,2,2,2,2,4,2,4,4,2,2,4,8,5,2,2,8,8,8,4,5,4,2,3,4,3,6,7,3.857142857,2.8,3.6,3.4,2.9,3.2,2.8,3.9,4,3.9,2.9,3.1,4.1
14,2,20,7,1,2,13,1,3,4,4,1,1,4,2,3,2,3,1,1,2,2,3,5,5,2,2,2,1,4,2,4,2,3,2,2,2,2,1,5,4,2,2,4,5,4,5,1,2,5,2,3,3,5,2,2,3,3,1,2,1,2,3,3,2,2,2,2,4,2,5,2,4,4,2,2,2,5,3,1,2,2,3,5,2,4,3,1,4,2,3,2,4,2,2,2,4,2,2,3,4,2,4,2,4,4,5,1,4,3,3,3,3,5,2,4,2,4,3,2,4,4,3,2,2,2,2,6,7,6,0,7,5,6,4,4,4,2,3,4,4,4,5.857142857,3.571428571,3.4,3.7,3.5,3.6,3.7,3.9,3.2,3.8,3.7,3.5,3.1,2.6
15,1,19,8,3,2,17,2,4,3,4,2,5,3,4,1,2,2,3,3,2,3,2,2,4,2,2,1,4,2,3,3,2,4,2,2,2,3,2,4,4,2,4,5,4,4,4,2,2,4,2,3,2,4,2,2,4,4,3,4,4,3,2,2,3,4,2,2,4,2,4,4,4,3,4,2,4,3,3,3,2,2,4,4,4,4,2,2,4,4,3,4,3,4,2,4,2,4,2,4,2,2,4,4,4,4,4,2,3,4,2,3,2,4,2,4,4,4,2,2,2,2,2,2,2,2,2,8,8,0,0,8,8,8,4,4,4,2,4,5,3,6,8,4,3.9,2.6,3.6,3.9,4,3.6,3.5,3.9,3.4,3.7,3.9,3.2
15,2,20,8,3,2,17,2,4,2,2,4,4,4,2,2,2,3,2,3,2,3,4,4,3,3,2,2,3,3,2,5,2,2,2,3,2,2,2,3,2,2,4,2,3,3,3,2,2,4,2,4,2,5,2,2,2,4,3,1,4,2,2,2,2,2,2,4,2,4,2,2,4,3,2,2,2,2,2,2,4,4,4,4,4,4,4,2,4,2,2,2,2,4,2,2,2,2,4,4,4,4,4,4,2,4,4,2,2,3,2,2,2,4,4,4,2,4,2,4,4,4,3,2,3,4,2,6,6,0,0,7,7,7,3,3,4,3,2,4,3,5,7,3.142857143,3.9,3.9,3.1,3.3,3.5,3.7,3.8,2.6,3.7,3.6,2.5,2.6
16,1,20,2,2,2,14,3,5,2,2,2,4,2,2,1,3,4,5,3,3,4,4,4,3,4,2,3,3,3,3,2,4,2,2,3,2,2,1,4,2,2,3,3,4,4,4,2,2,5,4,2,2,4,3,3,2,2,2,2,4,2,2,3,2,2,3,3,2,2,2,4,3,2,2,4,4,3,2,2,3,5,4,4,4,4,4,2,2,3,3,2,4,2,2,2,2,4,3,2,3,2,3,2,4,4,3,2,4,4,3,2,2,4,2,3,2,2,2,2,3,3,3,4,2,2,2,8,6,1,0,6,7,8,3,3,4,4,3,3,4,6,7.142857143,2.857142857,3.2,3.6,3.2,2.9,3.3,3.1,3.4,3.6,3,2.3,2.6,2.5
16,2,19,2,1,2,13,5,5,1,4,4,4,4,4,2,3,3,2,1,1,3,2,5,4,4,2,2,5,2,2,1,3,1,2,2,5,2,1,3,3,2,5,3,3,3,4,3,4,5,3,3,3,5,2,4,2,5,1,4,4,5,2,2,3,4,1,5,5,5,5,1,4,3,3,2,3,2,1,2,2,3,3,5,4,4,2,2,5,4,3,1,3,3,1,2,2,4,3,5,3,3,5,4,4,3,3,2,4,4,4,3,1,5,3,3,2,5,1,3,4,3,2,2,3,1,1,8,8,3,0,6,8,8,4,4,5,2,4,4,3,7,7.285714286,4,3.7,3.2,3.6,3.1,3.8,2.4,3.9,3.4,4,3.9,3.4,2.5
17,1,23,6,4,2,36,2,5,1,4,2,2,1,5,1,1,4,5,5,4,5,5,3,2,2,4,1,4,2,3,2,4,1,3,4,5,2,4,4,2,3,1,5,5,5,5,5,2,5,5,4,2,2,5,1,3,5,5,2,4,2,5,1,2,1,5,4,4,1,2,4,4,1,4,4,3,5,1,1,1,4,3,5,1,5,2,4,4,4,3,2,4,1,2,5,4,4,4,2,4,4,5,4,2,4,4,1,5,2,4,2,4,5,4,2,2,4,5,1,5,4,2,2,1,2,2,8,8,0,0,8,8,8,5,5,4,1,5,5,4,6,8,4.428571429,2,3,3.5,3.6,2.8,3.9,3.2,4.4,2.8,2.4,3.1,2.1
17,2,24,7,6,2,36,3,4,2,4,2,5,2,1,1,5,3,4,4,4,3,3,4,2,4,2,2,4,2,3,2,4,2,2,3,2,4,4,4,3,2,2,4,4,4,4,3,2,3,4,4,2,2,2,2,2,4,1,2,5,5,2,2,2,2,2,4,4,2,2,4,4,2,2,2,4,4,4,5,2,4,4,2,2,3,4,4,4,2,3,2,4,2,2,3,2,1,4,2,4,2,2,5,5,5,4,3,2,4,5,3,2,2,2,1,3,2,2,2,3,3,2,2,4,4,4,5,8,2,4,8,8,8,4,3,3,2,2,3,5,4,6.714285714,2.857142857,3.5,3.1,3.4,3.6,2.7,2.7,3,3,3.6,2.8,2.9,3.6
20,1,28,2,7,2,7,2,5,4,4,3,2,1,5,4,2,4,2,1,5,4,5,4,4,2,1,1,5,2,4,1,4,3,1,5,2,2,2,4,3,2,3,4,4,3,4,1,4,5,3,3,2,5,4,4,4,3,3,3,3,4,1,2,4,2,2,1,4,4,4,2,4,5,2,2,4,2,1,2,3,2,3,3,4,2,1,1,3,5,4,5,2,4,2,3,2,1,2,4,4,2,4,4,5,3,3,2,4,4,2,4,4,4,2,3,2,4,1,4,1,2,2,1,1,2,2,6,7,7,2,5,7,7,5,4,4,3,3,4,4,6,5.571428571,3.571428571,3,3.9,4.1,3.3,3.8,2.8,3.4,3.3,3.1,4.1,3.7,4.1
20,2,25,9,7,2,7,2,4,4,4,3,4,3,3,2,2,3,2,3,2,4,3,4,4,3,3,2,4,3,3,5,4,4,2,4,3,1,2,4,2,4,4,4,4,4,3,3,4,4,3,4,3,4,3,3,3,4,3,2,5,4,4,3,2,2,3,2,5,4,4,3,3,2,4,2,2,3,3,2,4,4,4,4,4,4,2,1,5,2,3,4,4,3,1,4,3,3,2,4,4,2,4,3,4,4,3,4,4,3,3,5,2,5,4,4,4,4,3,4,5,4,2,2,4,2,3,8,7,2,0,6,7,7,4,4,4,2,3,3,3,5,7,3.571428571,3.5,3.4,3.2,3.7,3.2,3.6,3.2,3.3,4,3.9,3.6,2.7
48,1,20,7,3,2,11,5,4,3,4,1,5,5,2,3,1,4,3,3,4,1,5,5,1,3,2,2,5,1,4,3,4,1,1,3,4,2,2,4,5,2,3,5,4,4,5,2,4,3,3,4,2,4,4,2,1,5,4,4,1,5,5,5,5,5,3,5,1,2,5,1,5,2,2,1,2,3,2,5,5,5,4,2,1,3,4,4,5,2,5,1,5,5,1,4,1,5,4,3,2,3,5,2,5,5,2,4,5,2,5,1,2,3,2,4,1,4,1,4,1,5,5,5,4,2,3,8,8,0,0,8,8,8,4,5,5,1,4,5,3,6,8,4.428571429,2.4,2.9,4.5,3.4,2.7,3.2,3,2.6,4,2.9,1.7,2
48,2,20,7,3,2,11,2,4,4,5,2,5,1,3,2,1,3,3,5,2,5,1,3,4,5,3,4,5,2,4,4,3,2,3,4,2,1,2,4,3,5,5,5,5,4,3,2,5,5,3,3,1,1,4,2,1,4,3,4,1,2,3,4,5,5,1,4,2,5,4,2,5,5,1,2,2,4,1,2,5,2,4,5,5,4,3,2,5,1,4,1,4,5,2,4,2,1,5,5,5,5,5,4,2,5,4,2,5,5,3,2,1,4,4,5,1,4,2,4,1,5,4,3,5,5,1,6,8,3,0,8,5,8,5,4,5,3,4,3,3,7,6.857142857,3.857142857,3.2,2.3,3.8,3,3.3,3.8,3.5,2.8,4.4,4.1,1.8,2.8
47,1,24,7,5,2,7,5,5,4,3,2,4,1,3,2,2,2,3,3,4,3,2,2,3,2,2,2,3,2,4,1,4,3,1,3,1,3,2,4,2,3,2,3,4,4,4,5,4,4,4,3,2,5,2,5,2,4,5,4,5,5,2,2,1,2,1,4,4,3,5,4,1,4,2,2,2,1,1,2,2,2,4,5,5,2,2,1,4,2,3,3,4,3,2,4,1,4,1,4,4,3,4,3,4,4,4,2,2,4,3,3,2,2,2,3,2,4,2,2,2,5,2,2,2,2,1,8,8,0,0,8,8,8,3,4,4,1,4,5,2,6,8,4.142857143,3.5,2.6,2.9,3.7,3.2,2.2,3.8,3.3,3.9,3.8,3.4,2.8
47,2,23,5,5,1,7,2,5,5,5,4,5,2,3,2,3,4,1,3,3,3,4,3,3,4,3,5,5,5,4,4,4,5,1,5,3,3,3,3,3,4,4,5,4,5,3,5,4,5,4,4,1,5,3,3,4,3,3,3,4,1,3,3,3,3,1,1,5,5,5,3,5,5,3,4,1,1,1,3,5,3,5,5,1,1,2,1,5,3,2,1,3,5,1,3,3,2,1,5,3,5,5,5,5,3,4,4,5,3,3,1,5,5,1,3,3,3,1,5,3,3,5,3,3,5,1,8,8,8,0,8,8,8,5,5,5,1,5,1,1,2,6.857142857,4.428571429,3.6,3.5,3.9,3.6,3.2,3.6,3.7,2.5,4.1,3.5,3.3,3.7
46,1,21,8,4,2,18,4,4,4,4,2,4,4,4,2,4,4,2,4,2,2,4,2,2,4,2,2,4,4,4,4,4,2,4,4,4,4,2,4,4,4,4,4,4,5,4,4,5,4,4,4,4,4,4,4,4,5,4,4,4,4,4,4,4,2,1,2,2,4,4,4,4,4,4,4,4,4,4,4,2,4,4,4,4,2,2,2,4,4,4,5,5,5,4,4,5,4,4,4,2,4,4,4,4,4,1,4,4,5,4,4,3,4,2,4,2,4,2,4,4,4,4,4,4,4,5,8,8,0,1,7,7,7,4,4,4,3,4,4,1,3,7.428571429,4,3,3,3.2,3.8,3.4,3,2.8,3.2,3,3.5,2.7,3.6
46,2,22,7,3,2,18,1,2,3,3,3,3,2,3,3,4,3,2,3,3,3,4,3,2,2,3,4,3,2,2,3,2,4,3,4,4,3,4,3,3,3,4,3,4,3,3,4,3,3,3,2,3,4,3,2,3,4,4,4,3,3,2,3,4,3,2,2,3,4,3,4,3,4,3,4,3,2,2,3,2,3,3,4,3,3,2,4,3,3,2,3,3,4,3,3,3,3,4,3,2,3,4,3,2,3,4,3,2,3,3,2,4,4,3,3,3,3,4,3,3,3,4,3,3,2,3,7,7,2,2,6,7,7,3,3,4,2,3,4,3,6,6.571428571,3.428571429,3.2,2.9,3,3,3.1,3.3,3.4,3.3,2.8,2.9,2.9,3.2
45,1,27,1,9,2,33,1,2,3,2,3,2,3,2,3,4,5,3,3,3,3,2,4,3,1,3,2,3,4,3,2,3,4,3,2,3,4,3,2,4,5,5,4,4,3,2,2,3,3,3,2,4,3,4,3,2,3,2,3,2,2,2,2,3,5,5,5,4,3,2,3,4,2,3,4,2,3,2,3,1,1,1,3,3,3,3,2,3,4,2,3,2,4,3,3,3,4,5,3,4,2,3,4,2,3,4,2,4,2,2,3,4,2,4,1,4,3,2,4,3,5,3,2,1,3,2,8,8,0,0,8,8,8,5,5,5,1,5,5,4,6,8,4.571428571,2.7,3,2.7,3.1,2.9,3.4,3.2,3.1,2.8,3.4,3.3,2.6
45,2,23,1,9,2,33,2,2,4,4,5,4,3,2,1,1,4,1,5,1,2,5,5,2,2,2,1,4,4,2,5,3,4,1,5,1,1,4,4,4,4,2,4,4,4,4,2,5,3,2,4,2,5,1,1,1,5,1,1,4,4,2,1,2,2,1,4,4,5,4,2,4,4,3,1,2,1,4,2,4,1,3,4,2,2,2,1,4,2,2,2,3,4,2,3,2,1,1,5,5,5,2,3,2,4,3,2,5,5,3,4,1,2,2,4,2,4,1,4,4,3,4,1,4,4,4,8,8,0,0,7,8,8,4,4,4,3,1,4,2,7,7.857142857,3.428571429,3.7,4.3,4.2,4.4,3.1,4,2.9,2.3,4.1,4.6,3,3.2
49,1,22,9,4,2,10,2,4,5,4,1,5,5,3,2,2,2,1,4,1,2,4,3,2,2,1,1,5,4,3,3,1,5,1,2,1,1,1,5,4,4,1,5,5,5,4,4,2,5,1,5,1,5,4,1,4,4,2,5,5,1,1,2,5,1,1,4,1,4,4,2,5,1,2,2,4,2,1,4,5,2,5,5,4,3,4,3,3,4,3,2,2,4,1,1,1,1,4,4,1,4,5,2,1,2,2,1,2,2,2,4,2,4,2,2,1,4,1,2,5,5,5,2,2,2,1,8,8,0,0,8,8,8,5,4,5,1,5,5,3,7,8,4.571428571,3.7,2.7,4.4,4.6,4.6,4.5,4.5,3.3,3.3,3.7,1.9,2.6
49,2,19,9,2,2,10,2,3,3,4,2,5,1,1,2,3,4,1,3,4,3,3,5,2,2,4,2,4,4,3,4,4,3,2,4,4,2,3,4,2,3,5,4,3,4,4,1,4,4,4,3,4,5,2,2,2,3,1,2,5,4,4,3,2,2,1,4,4,5,5,3,5,5,2,1,1,3,1,5,2,2,5,5,4,3,2,1,5,4,4,2,2,4,1,4,4,1,1,4,4,4,4,4,4,5,4,1,2,4,2,5,2,5,1,4,2,4,1,3,3,2,1,3,4,2,4,8,8,0,0,8,8,6,4,5,5,2,5,5,3,6,7.714285714,4.428571429,3.8,4,3.3,3.4,2.2,3.4,3.6,3.8,4.6,4.4,3.8,3.6
50,1,24,6,7,2,7,3,4,5,4,2,4,4,4,4,2,4,2,2,4,5,4,4,4,2,2,3,3,3,4,5,4,-99,4,4,4,2,3,4,2,2,3,5,4,4,4,4,4,5,4,3,3,4,3,3,3,3,2,2,3,4,2,2,2,4,2,2,4,2,4,4,2,4,4,4,2,4,2,4,2,2,2,4,2,2,2,4,4,4,4,4,4,2,2,4,4,2,4,4,4,4,2,2,4,4,4,4,4,4,4,4,2,4,4,4,4,4,2,2,2,4,3,4,3,2,4,8,8,0,0,8,8,8,3,3,4,2,3,4,2,5,8,3.571428571,3.1,3.3,3.2,3.222222222,3.2,3.7,2.2,3.6,3.7,3,3.3,3.4
50,2,24,2,7,2,7,2,5,1,4,5,3,5,4,5,1,5,5,1,2,4,1,5,3,5,3,4,3,5,4,5,4,2,3,5,1,3,1,3,5,3,5,3,4,2,3,2,3,5,2,3,2,4,3,4,4,4,3,2,4,5,1,4,4,1,1,4,2,5,4,2,5,5,3,1,3,2,1,2,3,2,3,1,2,3,2,2,3,2,4,3,2,4,2,3,1,3,1,5,3,2,5,3,3,2,4,4,3,5,4,5,3,5,3,3,4,5,1,3,5,3,2,3,2,4,1,3,3,3,3,3,3,3,3,3,3,2,2,3,2,2,3.571428571,3.142857143,3.4,4.5,3.5,2.2,4,3,4,2.6,3.4,4.2,3.4,3.2
52,1,25,8,4,2,10,3,4,5,4,3,4,4,5,2,1,2,3,2,4,3,4,1,1,2,2,2,3,1,4,4,3,2,2,3,4,1,1,3,3,4,2,4,4,3,5,4,5,5,2,4,2,4,4,2,3,3,2,4,3,2,2,4,5,3,4,3,5,2,4,5,5,2,5,4,3,3,4,2,3,4,2,5,4,4,3,3,4,3,4,5,4,3,2,3,1,1,1,4,3,2,3,4,4,3,2,4,5,4,3,4,4,5,3,3,3,4,2,2,1,4,2,3,3,2,4,8,8,0,0,8,8,8,5,5,5,1,5,5,1,7,8,5,2.2,2.3,4.1,3.3,3.8,3.9,2.8,3.8,3.1,3,3.7,3.2
52,2,24,6,6,2,10,5,4,3,4,4,4,2,2,1,2,4,1,2,1,3,3,4,2,4,1,1,4,2,3,2,2,2,1,5,1,1,2,5,5,2,4,3,5,5,5,2,2,3,2,4,2,5,2,4,3,5,2,1,5,5,2,2,4,2,2,5,5,4,4,2,3,4,4,1,1,1,4,3,1,1,2,5,1,4,1,2,4,1,5,2,1,2,2,4,2,1,1,4,1,5,4,4,5,5,2,2,2,3,2,2,2,2,2,3,3,2,1,4,4,5,2,5,5,2,2,8,4,0,0,8,8,8,5,5,4,1,5,5,2,4,7.428571429,4.714285714,4,4.1,4.2,4.1,4,2.3,3.1,2.6,3.6,3.4,4.5,2.8
53,1,18,8,1,2,7,3,4,3,4,2,4,4,3,2,2,3,4,4,3,2,4,4,5,3,2,2,4,4,3,4,3,3,2,3,2,3,2,4,3,3,4,3,3,4,5,1,3,4,3,3,2,4,3,3,1,3,3,2,2,3,3,4,2,3,1,4,3,4,4,4,4,2,2,1,3,2,3,1,3,1,4,4,5,3,3,2,5,5,3,2,3,4,1,4,2,3,2,4,3,1,3,4,4,3,3,2,2,4,3,4,2,4,2,4,2,5,2,4,2,4,4,2,2,4,1,8,7,0,0,7,6,7,4,3,3,3,3,4,3,5,7.285714286,3.285714286,3.5,3.5,3.7,3.4,3.1,3.4,3.7,3.6,3.7,4.2,2.9,2.5
53,2,18,8,1,2,7,2,5,2,3,4,5,4,3,3,2,4,1,2,2,4,4,5,5,3,2,1,4,4,3,4,5,2,2,5,3,2,3,4,4,3,5,4,5,4,4,2,4,3,3,3,3,5,4,4,2,2,3,2,4,5,2,3,3,2,1,1,4,4,3,2,4,5,3,1,2,3,1,3,4,2,5,5,3,2,3,1,3,3,2,4,3,4,1,2,3,2,1,5,5,2,5,4,3,4,5,4,3,5,5,5,1,4,3,2,1,2,4,5,5,1,3,1,3,1,3,8,5,2,0,3,6,7,5,4,3,3,2,3,3,4,6.142857143,3.285714286,3.9,4.2,3.6,3,3.4,3.1,3.8,3.1,4,4.3,2.8,4.3
54,1,23,8,9,2,6,1,5,5,4,2,5,4,4,4,2,3,1,2,1,4,2,2,2,2,4,2,2,3,4,4,4,1,2,2,2,3,2,4,4,3,2,4,4,2,3,2,4,4,4,2,3,4,3,4,2,3,2,4,3,2,2,2,4,3,2,3,2,3,4,2,3,4,2,3,4,2,4,3,2,3,4,3,2,3,2,4,3,3,2,4,3,2,3,4,2,5,1,4,2,4,2,4,2,3,2,4,3,2,4,3,4,2,4,3,2,4,3,1,4,3,2,2,4,3,3,8,8,6,6,8,8,8,3,5,5,1,2,5,2,7,6.285714286,4.142857143,3.2,2.8,3.4,2.9,3.4,3.6,2.9,2.8,2.9,3.1,3,3
54,2,23,4,6,2,6,3,4,1,4,2,3,3,2,4,5,2,2,4,4,2,2,4,5,2,4,4,4,2,5,5,4,2,1,5,2,2,2,2,2,2,3,2,4,4,2,1,5,4,5,2,2,4,3,3,1,2,4,1,5,5,4,3,2,3,1,1,5,2,5,1,5,3,4,3,1,1,1,4,1,2,4,4,1,3,1,2,3,2,4,3,3,1,3,1,3,3,1,1,5,2,5,3,3,3,3,3,3,3,3,3,4,1,4,1,3,3,3,4,3,1,3,4,1,3,4,8,8,0,0,8,8,8,4,4,3,1,3,5,2,6,8,4,3.4,3.6,2.8,2.4,2.4,3.3,3.1,2.2,3.4,2.6,3.9,3.7
55,1,22,6,3,2,6,2,3,3,2,2,3,3,2,3,2,2,3,3,2,2,3,3,1,2,2,1,5,3,2,4,5,2,3,2,3,5,4,4,4,4,4,4,3,4,3,4,3,3,3,3,3,4,3,4,2,3,4,2,4,4,3,3,2,3,3,2,3,3,2,3,3,3,5,4,3,3,3,3,4,3,4,3,3,3,4,2,4,4,4,4,4,3,4,4,4,3,2,4,4,3,3,4,4,4,3,4,4,4,3,3,3,3,4,3,2,3,3,3,3,2,3,4,4,3,4,8,8,2,2,8,8,8,5,5,5,1,4,5,1,6,7.428571429,4.857142857,3.1,2.7,3.1,3.4,2.7,3,2.5,3.1,3.2,3.1,3,3.5
55,2,21,7,3,2,6,2,4,4,4,1,5,4,4,3,2,4,3,5,4,3,4,3,5,1,1,1,4,2,1,5,3,3,2,1,4,2,2,4,3,2,4,4,4,4,4,1,4,5,4,3,3,4,2,3,3,2,1,2,2,1,4,3,1,2,2,2,3,4,4,1,5,4,2,1,2,1,3,3,2,2,4,4,4,1,1,1,5,1,3,4,3,4,1,1,1,3,5,5,1,1,5,3,3,5,5,1,5,5,2,4,2,3,1,5,1,5,1,5,5,3,5,2,2,2,1,8,8,0,1,8,8,4,5,5,5,1,5,5,3,6,7.285714286,4.714285714,3.6,3.2,3.6,3.4,3.3,4.4,4.1,2.6,3.9,4.5,2.7,3.5
60,1,19,6,2,2,12,2,5,4,3,2,4,3,2,3,2,4,1,1,1,1,3,5,3,1,2,1,5,3,3,4,4,4,1,3,3,2,2,5,1,1,3,5,5,5,1,2,3,5,3,4,5,3,1,1,5,3,3,4,4,1,3,3,2,5,1,2,4,4,4,4,4,3,3,3,2,4,1,4,2,2,5,5,5,3,2,2,4,5,3,3,2,4,1,5,3,3,3,4,4,4,2,5,3,5,5,1,3,5,3,2,2,5,3,-99,3,4,2,3,3,4,2,1,3,2,1,8,8,0,0,7,8,7,4,5,5,1,3,5,4,6,7.714285714,4.142857143,3.8,3.2,2.8,4.1,3.8,4.1,3.6,4.2,4.2,3.9,3.5,3.555555556
60,2,20,6,2,2,12,2,4,2,-99,3,-99,4,3,2,3,3,4,2,3,4,4,3,2,3,2,4,3,2,4,3,4,5,4,4,3,2,4,3,3,2,3,4,3,2,4,3,2,3,3,4,3,1,4,1,5,1,3,2,3,4,1,1,2,3,1,2,3,5,1,5,5,2,3,2,4,1,5,1,3,1,5,-99,2,2,3,2,3,4,2,3,3,4,2,2,3,1,5,4,3,5,5,5,5,4,2,1,1,4,2,1,5,5,3,3,5,1,5,3,1,2,1,2,3,2,1,8,8,0,0,8,8,8,5,5,5,1,5,5,1,7,8,5,2.888888889,3,3,3,3.4,3.4,3.4,3.333333333,2.5,3.6,3.5,3.5
63,1,20,8,2,2,12,3,4,5,2,4,2,5,1,3,2,2,2,4,2,2,3,2,3,3,2,2,3,1,3,4,3,5,3,4,2,4,3,4,3,3,4,4,5,4,3,2,4,5,4,5,4,2,2,4,2,5,1,2,4,1,3,2,2,2,2,2,4,2,2,4,5,2,4,4,2,4,1,3,3,4,2,5,4,4,3,2,1,3,4,4,3,2,4,5,2,4,1,2,4,3,5,2,5,3,3,2,4,5,3,2,4,4,3,3,5,2,4,2,4,4,3,4,2,2,1,7,7,2,1,7,6,6,4,3,4,2,3,3,3,5,6.571428571,3.428571429,3.4,3,3,4.3,3.1,3.7,3.9,4,2.4,2.3,3.8,2.9
63,2,20,8,2,2,11,2,4,2,4,5,5,3,4,3,2,4,1,5,4,4,2,5,2,2,2,2,2,2,3,2,2,4,2,5,1,3,1,4,2,2,4,3,2,3,2,2,4,5,3,2,4,2,2,2,3,2,2,2,3,5,2,2,2,2,1,2,2,4,5,4,5,5,1,1,2,1,1,5,1,5,1,4,2,1,2,1,4,2,4,2,4,4,1,2,1,1,4,5,2,4,5,5,5,4,4,2,4,5,2,2,2,4,2,2,4,5,2,4,4,2,4,2,2,2,1,8,8,0,0,8,8,8,3,4,4,2,3,5,3,6,8,3.714285714,3.8,3.9,2.8,3,3.5,3.4,3.9,2.9,3.5,3.9,3.1,4.4
65,1,29,7,9,4,61,3,4,4,4,2,4,4,2,2,2,3,2,2,5,4,4,4,4,4,4,2,4,4,3,2,4,2,2,2,4,4,2,4,4,4,3,3,2,4,4,2,4,4,4,4,2,4,3,2,2,2,4,2,4,2,4,4,2,2,3,3,4,2,4,4,3,2,4,2,2,4,2,2,2,3,4,4,4,3,2,2,4,4,3,2,2,3,2,4,3,4,2,4,4,2,3,2,4,4,4,2,4,4,2,2,2,4,3,4,2,4,3,2,4,3,2,4,4,2,2,8,8,0,0,8,8,8,5,5,4,2,5,4,2,6,8,4.428571429,3.2,3.3,3.6,3.2,2.3,3,3.3,4,3.9,3.2,3.8,2.5
65,2,29,3,8,4,61,4,5,4,4,4,5,3,2,2,2,4,2,2,4,4,5,4,4,4,2,4,4,4,2,2,4,4,2,4,2,4,2,4,4,2,2,2,4,4,4,2,2,4,4,2,2,4,2,4,2,4,2,2,4,4,2,4,2,2,2,5,2,4,4,2,5,3,1,1,2,1,1,1,5,4,4,4,4,5,2,5,3,2,2,4,4,2,1,1,1,2,2,5,2,5,5,2,2,4,3,1,2,4,4,1,5,5,2,2,1,1,1,5,5,5,4,1,2,2,1,8,8,0,0,8,8,8,4,5,5,1,5,5,2,6,8,4.714285714,3.9,4,3.9,3.2,3.1,2.3,4.6,2.6,3.3,3,2.1,2.5
58,1,20,6,3,2,13,2,5,4,4,1,4,4,3,1,2,1,1,3,2,2,3,4,4,3,1,1,5,4,1,4,4,4,1,1,1,1,1,4,2,2,5,3,5,5,4,2,1,4,2,4,2,5,1,2,1,4,1,5,5,3,1,2,4,1,1,2,2,4,5,1,5,2,2,1,4,4,1,2,2,2,1,5,5,4,2,1,5,5,1,2,2,4,1,2,1,2,1,4,1,2,5,4,3,4,2,2,2,4,2,4,2,5,1,4,1,4,1,2,5,5,2,2,3,1,1,8,8,0,0,8,8,8,4,5,4,1,5,5,1,7,8,4.714285714,4.8,3,4,4.3,3.9,3.7,4.9,3.9,3.3,4.2,3.3,2.7
58,2,19,6,2,2,13,2,3,2,3,2,3,2,2,3,4,3,2,3,2,3,3,5,3,2,2,2,4,3,3,2,4,4,3,3,2,3,3,4,2,2,3,3,3,3,2,2,3,3,3,3,2,4,3,2,3,3,4,2,3,3,3,2,2,2,2,2,5,4,5,3,3,4,2,2,2,2,1,3,3,3,3,3,4,3,1,2,5,3,3,3,3,4,2,3,2,1,3,4,3,2,4,3,3,3,4,2,2,4,2,2,2,3,3,2,2,3,3,3,4,2,2,2,2,2,2,8,8,0,0,8,8,8,5,5,5,1,5,5,2,7,8,4.857142857,3.3,3.6,2.7,3.3,3,3.1,3.8,3.2,3.7,3.5,3.4,3.7
62,1,23,9,5,1,16,2,5,2,4,5,5,5,5,2,1,4,1,1,1,1,5,2,4,1,2,1,5,2,1,2,5,3,1,5,1,2,1,3,4,5,5,3,5,5,4,1,2,5,2,2,2,1,1,5,3,2,3,5,3,1,1,2,3,2,1,1,5,5,5,1,5,5,2,1,2,1,1,2,4,3,5,2,5,3,1,1,5,1,2,5,2,5,1,2,1,2,1,5,5,5,5,5,4,5,5,5,4,4,1,5,1,2,2,2,2,5,1,5,5,2,1,2,5,3,1,8,8,0,0,4,8,4,4,3,3,1,3,4,3,3,6.857142857,3.571428571,4.6,3,4.2,3.5,4.2,3.5,4.5,1.5,4.9,4.7,3.9,4.1
62,2,22,2,5,1,16,2,2,2,2,2,4,3,-99,2,2,2,2,2,2,2,2,2,1,4,2,4,5,1,2,5,4,4,2,2,2,4,2,5,5,4,5,5,-99,3,3,5,2,3,1,1,2,2,2,2,5,2,5,5,4,4,3,2,-99,4,1,1,1,2,2,2,3,2,2,3,-99,2,3,2,2,2,3,2,3,2,2,2,2,2,2,5,2,3,2,2,2,2,2,2,2,2,2,2,2,2,2,2,2,2,4,3,3,3,3,3,4,2,2,3,3,3,3,2,2,2,2,8,8,4,8,5,8,8,2,2,2,1,2,3,2,2,5.857142857,2.857142857,3.9,1.7,3.333333333,3.1,3.625,3.2,3.3,2.8,2.666666667,2.9,3,3.2
66,1,18,6,1,2,12,2,5,3,4,1,2,4,5,3,1,4,1,2,1,4,5,5,1,5,2,2,5,5,5,4,2,1,1,1,4,1,1,5,5,4,5,4,5,5,5,2,5,5,1,2,2,5,5,5,5,5,4,5,2,1,1,4,5,4,1,2,5,5,5,5,5,5,4,1,3,4,1,3,5,4,5,5,5,2,5,4,5,5,4,5,5,5,1,5,2,2,2,5,5,5,5,5,5,4,4,1,4,4,5,5,1,5,2,4,2,5,5,1,4,4,4,5,1,1,1,8,8,0,3,8,8,8,5,5,5,3,5,5,2,7,7.571428571,4.571428571,2.5,3,4.5,3.2,4.8,3.5,4.1,4.5,3.9,3.9,2.6,3.8
66,2,19,7,1,2,12,3,2,3,5,2,3,3,2,2,1,1,1,1,3,1,3,4,2,3,3,2,5,3,3,2,2,3,1,3,3,3,3,3,4,3,3,2,3,3,3,2,3,3,3,3,2,5,2,3,1,2,1,2,2,5,4,3,3,1,1,4,5,4,5,1,2,3,3,5,1,5,3,1,1,5,4,3,1,5,1,3,3,1,5,2,3,2,1,1,5,3,1,3,5,1,3,3,3,3,3,3,3,3,1,1,3,3,3,3,3,2,1,2,1,5,1,3,5,1,1,8,8,0,8,8,8,6,4,5,5,2,4,5,3,7,6.571428571,4.285714286,3.3,3.4,4.2,3.3,2.6,2.4,2.3,3.1,4.3,2.3,4.2,2.2
64,1,26,4,5,2,6,2,5,2,4,2,2,3,3,2,2,2,3,2,2,2,5,4,2,3,2,1,4,3,3,5,5,5,1,2,3,4,3,2,3,2,5,3,4,4,4,2,4,4,4,3,3,4,3,3,3,2,1,2,4,3,3,3,2,2,1,2,4,4,4,4,3,2,3,2,2,2,2,2,3,2,3,4,2,4,2,2,5,4,3,3,4,4,2,4,2,4,3,3,4,2,4,3,4,2,3,2,4,3,4,3,3,4,3,3,3,3,2,2,3,3,3,4,3,3,1,7,7,1,0,8,8,8,4,3,3,2,3,3,3,4,7.571428571,3.285714286,3.2,3.3,3.9,3.4,3.2,3.2,3.3,3.7,3.7,3.3,3.1,2.7
64,2,24,4,5,2,6,2,5,3,4,2,2,5,2,4,1,4,2,2,4,3,4,4,2,3,2,2,4,2,2,1,4,4,3,4,4,2,4,4,4,2,2,4,2,4,4,1,3,5,2,2,2,4,3,4,2,4,4,2,2,3,2,4,4,2,2,2,3,4,5,4,2,4,2,2,2,2,4,4,2,2,4,2,3,2,2,2,4,2,2,2,4,4,2,4,2,2,4,4,2,4,2,4,4,4,4,2,2,4,2,4,2,2,2,2,2,4,2,4,4,2,2,2,2,4,2,8,8,8,0,8,8,8,4,3,5,3,1,3,2,5,6.857142857,3.285714286,2.8,3.7,3.8,3.2,2.9,3.3,3.3,2.6,3.7,4,3.1,3.8
59,1,21,8,3,2,7,2,3,4,3,3,3,3,4,3,3,4,3,2,3,-99,4,4,4,3,3,2,3,2,2,2,2,3,2,4,3,2,2,4,3,-99,3,4,3,3,4,4,5,5,2,4,3,4,2,3,3,4,2,3,3,2,2,3,2,3,4,3,3,3,3,3,3,3,3,3,3,3,3,3,3,3,3,3,3,3,3,3,3,3,3,3,3,3,3,3,3,3,3,3,3,3,3,3,3,3,3,3,3,3,3,3,3,3,3,3,3,3,3,3,3,3,3,3,3,3,3,8,8,2,7,7,7,7,4,4,4,2,4,4,1,6,6.285714286,4.142857143,3,3.222222222,3.3,3.555555556,3.5,3.4,3,3,3,3,3,3
59,2,17,7,1,2,7,2,4,4,5,5,4,2,1,2,4,2,1,5,1,1,1,4,5,5,5,2,5,5,5,5,3,2,1,5,3,2,3,4,5,5,4,5,5,4,5,2,4,4,2,4,2,5,1,1,3,5,1,1,3,1,5,2,1,4,1,5,2,2,3,2,3,1,2,2,4,2,4,1,4,2,4,2,2,4,2,2,2,2,4,1,2,1,3,5,3,2,2,4,2,3,3,4,3,3,2,4,4,5,3,3,3,4,2,3,2,4,1,4,3,1,2,3,2,4,3,8,8,8,5,0,8,8,2,4,1,1,1,5,5,2,5,2.714285714,3.7,3.8,3.8,4,3,4,2.7,2.6,2.8,3.2,3,2.7
56,1,25,6,7,2,35,3,4,4,2,2,3,4,3,4,1,4,1,1,2,3,4,3,2,2,3,1,3,1,2,3,3,2,2,2,2,3,2,3,4,2,4,5,4,4,4,2,4,4,3,5,2,3,2,2,2,4,4,4,3,5,4,3,4,3,1,2,4,4,4,2,5,4,4,2,4,4,1,4,4,4,2,4,4,2,2,2,2,4,2,4,2,4,2,4,4,3,1,4,1,2,5,2,5,3,2,2,4,4,2,4,4,4,2,3,2,4,4,2,5,4,2,2,2,2,1,7,7,0,1,6,6,6,4,4,3,2,3,4,2,6,6.714285714,3.714285714,3.6,2.8,3.6,3.5,3.2,3.2,4.1,3.8,2.3,3.7,3.8,3.4
56,2,25,9,5,2,35,1,4,3,3,4,4,3,3,3,3,3,1,5,2,3,3,3,3,3,2,2,3,4,3,5,3,4,2,4,3,3,2,4,3,2,5,4,4,4,2,2,3,5,3,3,3,5,3,1,3,3,3,2,4,2,3,3,3,2,1,4,4,3,4,2,4,1,2,4,2,3,1,1,3,4,4,3,3,2,1,2,4,2,4,1,3,3,1,2,3,5,2,4,4,3,4,3,4,4,4,3,3,4,2,4,2,3,4,5,4,4,2,3,3,5,2,3,4,3,1,8,8,0,0,8,8,8,4,4,4,2,3,5,3,5,8,3.857142857,3.8,3.9,3,3.4,3.5,4.2,3.4,2.7,4.1,3.3,3.7,1.9
180,1,26,8,7,2,33,2,5,2,4,3,2,3,4,2,2,4,4,1,2,2,4,4,5,4,2,2,4,4,3,4,4,4,2,3,2,5,2,4,4,2,2,3,2,4,4,1,4,4,4,3,2,4,2,5,2,2,2,1,4,4,2,2,2,2,2,2,4,4,4,4,4,3,2,3,2,3,2,2,4,3,3,4,4,4,3,2,4,3,3,4,4,3,3,4,2,4,2,4,2,3,4,2,4,3,3,2,4,3,4,3,3,4,2,3,2,4,4,3,4,3,4,3,2,2,2,8,8,2,3,8,8,8,3,3,4,3,3,4,3,5,7.285714286,3.285714286,3.2,4,3.8,3.5,3.3,2.5,3.7,3.6,3,3.4,2.7,2.8
180,2,26,1,9,2,34,3,4,4,4,4,4,3,4,4,4,4,2,3,4,4,3,4,3,3,4,3,3,4,3,2,4,4,2,4,3,3,2,4,3,4,4,2,4,4,3,2,4,4,4,3,3,4,3,4,4,3,2,3,4,3,3,4,3,2,2,4,5,3,4,3,3,2,4,3,2,2,2,2,2,4,4,4,2,3,2,2,4,3,3,2,4,4,2,3,3,3,2,4,4,3,3,3,4,4,3,2,3,4,2,4,4,4,3,4,3,4,3,3,4,4,3,3,3,2,2,7,7,3,3,6,6,6,3,3,3,3,3,4,3,5,6,3.142857143,3.4,3.7,3.2,3.1,3.1,2.8,3.2,3.3,3.5,3.5,3.7,2.5
181,1,25,1,9,2,12,2,4,4,4,3,4,4,3,4,2,4,4,1,3,2,4,4,2,4,1,1,4,2,4,2,3,4,2,4,2,4,3,4,2,4,4,3,4,4,2,3,3,4,4,2,3,4,4,3,2,3,4,3,2,4,4,1,2,4,2,2,3,4,4,4,3,3,4,2,2,3,1,4,2,2,4,5,4,2,3,1,5,4,3,5,4,5,4,5,2,4,3,5,4,4,4,4,5,4,4,2,2,4,4,5,1,3,2,3,2,4,2,2,3,2,3,3,2,2,1,8,8,0,0,8,8,8,5,5,5,1,5,5,2,4,8,4.857142857,2.9,3.1,3.1,3.7,3.1,2.7,3.9,3.8,3.8,4.3,3.1,3.7
181,2,25,1,7,2,12,1,4,5,5,3,5,4,2,1,4,3,2,5,4,2,3,5,4,2,4,1,5,2,3,4,2,4,2,4,2,2,1,5,2,4,4,5,5,5,4,2,1,5,2,5,1,4,1,1,2,4,2,2,5,2,2,4,2,3,1,2,5,5,5,1,5,1,2,2,2,2,2,2,1,3,2,4,4,4,1,1,5,1,2,1,1,5,1,1,1,4,1,5,1,2,2,2,5,4,2,2,1,4,1,4,2,3,1,5,4,4,1,4,4,2,1,2,3,4,2,8,8,0,0,8,8,8,5,5,5,1,4,5,2,4,8,4.714285714,4.4,3.4,3.6,4.4,3.4,4.5,4.2,2.4,3.6,4.3,4.6,2.3
182,1,27,7,9,2,8,2,4,4,4,2,2,4,3,2,3,3,2,2,3,3,3,3,4,5,2,2,4,2,4,4,4,4,2,4,3,2,2,4,2,4,3,2,4,4,3,4,4,4,2,2,2,4,2,3,2,4,2,4,2,3,2,3,3,4,2,3,4,4,4,3,3,3,2,3,3,4,2,2,3,3,3,4,2,4,2,3,4,3,3,3,3,3,2,3,2,3,2,3,3,3,3,3,4,4,4,4,4,4,3,3,2,4,2,3,2,3,2,3,2,4,2,3,3,3,2,8,8,0,0,7,8,8,4,4,4,2,-99,5,4,4,7.857142857,3.833333333,3,2.6,3.4,3.6,3.4,3.1,3.1,3.2,3.6,3.2,3.3,2.8
182,2,25,9,8,2,8,2,5,2,4,5,2,1,4,5,4,5,2,2,2,4,2,4,4,5,4,2,5,2,3,4,5,2,2,5,2,2,1,2,2,2,2,4,4,3,4,2,4,5,5,2,2,4,1,5,4,2,5,2,4,5,4,2,2,4,4,1,2,5,2,2,5,5,2,1,5,2,1,2,4,5,2,4,4,4,2,1,4,2,3,4,5,5,2,4,2,1,2,5,1,4,5,2,4,4,2,2,2,5,5,5,4,5,2,5,2,5,5,5,5,2,4,1,1,2,1,6,5,1,7,4,6,2,3,3,3,3,2,3,4,4,4.428571429,2.714285714,3.2,3.9,3,2.4,3.2,2.7,4.4,3,2,4.5,2.4,3.5
183,1,24,7,7,2,12,2,5,4,4,4,4,5,3,2,4,4,1,5,2,2,4,4,2,3,1,1,4,3,4,4,4,4,1,4,2,2,2,4,3,4,4,4,4,4,4,2,3,5,2,4,2,3,4,2,3,4,2,4,4,4,2,2,2,2,2,2,5,2,4,4,4,3,4,2,2,4,3,4,1,2,4,4,2,4,2,2,4,4,4,4,2,3,2,4,2,2,2,4,3,2,4,4,4,4,4,2,4,4,2,2,2,4,4,2,3,2,4,2,4,3,2,2,3,2,1,8,8,0,0,8,8,8,4,4,4,2,3,4,2,5,8,3.857142857,3.4,3.4,3.6,4.1,3.8,4,3.2,4,3.6,3.3,4.1,3.6
183,2,24,7,7,2,12,2,4,2,4,2,5,3,5,4,2,4,5,2,4,2,4,5,2,4,4,3,4,2,4,4,4,3,2,4,4,2,1,4,3,2,2,4,5,4,5,2,5,5,3,3,2,2,5,4,4,3,5,4,5,2,1,3,2,4,4,2,2,5,4,2,2,3,2,1,5,2,1,3,1,1,4,4,4,2,1,1,5,3,3,3,3,5,2,5,5,1,4,5,4,5,2,5,5,4,4,4,1,5,3,5,4,4,2,4,3,5,1,5,4,2,3,3,2,4,4,8,4,2,1,8,8,8,5,3,3,3,4,3,4,7,7,3.285714286,2.3,3.1,3.5,3.1,3.7,3.4,3.2,2.6,3.5,4.7,3.3,3.8
184,1,25,7,8,2,17,2,5,4,4,2,4,3,4,2,4,4,1,2,2,2,2,2,2,2,2,2,2,2,3,2,4,2,2,3,2,3,1,3,2,2,3,2,3,3,3,3,2,3,2,4,2,2,2,3,2,3,2,3,4,3,2,2,2,3,4,2,2,2,3,3,4,2,3,2,2,4,2,3,4,3,4,4,3,2,4,2,3,3,4,3,3,3,1,3,2,3,2,3,4,2,4,2,3,2,3,2,4,4,3,2,2,4,3,3,4,3,2,2,4,3,4,3,4,2,3,8,8,0,0,7,8,7,4,4,3,1,4,4,2,6,7.714285714,4,3.5,2.8,2.9,3.5,3.7,2.9,3.3,3.7,3.8,2.9,2.8,3.1
184,2,23,1,7,2,17,2,4,3,4,4,4,3,4,2,3,4,4,4,3,4,4,4,3,3,2,3,4,4,4,4,4,4,2,4,2,2,3,4,4,3,3,4,4,4,3,2,4,4,3,3,2,4,3,2,4,3,3,3,4,3,3,4,3,2,3,4,5,4,4,3,4,4,3,2,4,2,2,2,2,4,2,4,2,3,2,2,4,2,3,3,2,4,2,4,3,3,3,4,2,2,3,3,4,3,2,2,3,4,2,2,2,4,3,4,3,4,2,4,4,2,2,2,2,2,2,7,7,1,2,7,7,7,4,4,4,2,4,4,3,4,6.857142857,3.857142857,3,3.8,3.6,3.2,3.4,3.7,3.3,3.3,3,3.5,3.8,3
185,1,21,1,4,2,30,4,3,2,3,2,4,5,2,2,2,2,2,3,2,3,3,2,4,3,2,2,4,2,2,2,3,2,2,3,3,2,2,3,3,3,3,3,3,3,3,4,3,5,3,3,2,3,3,3,2,3,2,3,4,2,2,3,2,2,2,4,4,2,4,4,3,2,5,2,1,5,3,3,2,3,3,5,4,2,2,2,2,2,2,2,3,2,2,5,3,4,2,3,2,2,3,3,3,4,3,1,3,5,4,3,4,5,2,3,4,3,5,1,3,5,2,4,5,1,3,7,7,1,1,7,7,7,3,3,3,2,3,4,4,6,7,3.142857143,3.6,2.6,3.4,3,3.2,3.4,3.3,4.5,3.1,3,3.7,2.7
185,2,23,1,5,2,30,4,5,4,-99,5,5,3,4,3,2,5,1,1,3,5,2,5,3,4,2,2,2,4,2,2,5,5,3,5,3,5,2,4,4,1,2,1,4,4,2,1,4,4,4,4,5,4,2,4,2,3,4,2,3,5,1,4,4,2,1,2,1,2,4,1,5,5,1,1,4,2,1,1,2,5,4,3,4,2,4,4,5,2,2,4,5,4,1,2,2,2,5,4,2,5,4,4,2,4,1,3,2,4,4,1,1,1,1,2,1,4,1,3,4,2,5,2,1,2,1,7,6,0,3,5,7,7,4,3,-99,4,2,4,4,6,6.428571429,2.833333333,3.6,4.6,2.666666667,3.4,3.4,1.9,4.4,2.2,3.4,3.1,1.6,3.8
186,1,24,1,5,2,12,4,4,2,5,4,2,2,2,1,2,4,5,4,2,4,2,5,1,2,2,2,5,5,3,1,2,4,1,1,4,2,2,4,3,2,2,5,5,4,2,2,3,3,2,5,2,5,4,4,2,4,2,2,2,4,2,2,4,2,5,4,5,2,5,5,2,1,5,1,1,5,5,4,2,2,5,5,2,2,4,2,5,5,4,2,2,2,2,5,4,2,1,5,5,5,1,2,2,3,5,1,5,5,2,5,2,5,5,4,2,4,1,1,1,4,5,1,2,2,5,8,8,0,0,8,8,8,5,5,5,1,5,5,3,6,8,4.714285714,1.9,4,3.8,3.8,3.7,2.9,1.4,4.5,4.5,3.9,3.4,2.8
186,2,21,1,5,2,12,4,5,2,4,4,4,3,2,2,2,3,5,1,2,2,3,2,3,2,2,2,5,4,3,2,3,4,1,4,2,1,2,3,3,4,2,3,5,4,4,3,3,4,2,3,2,4,1,5,3,4,2,4,3,2,2,4,2,3,5,5,3,5,5,2,2,1,2,1,1,1,5,1,4,1,4,3,3,2,3,1,4,2,3,1,2,5,1,4,2,1,2,4,2,4,2,3,3,4,4,3,3,4,2,4,2,2,1,4,1,5,1,4,4,5,2,2,5,2,5,8,8,0,0,8,8,8,5,4,4,1,1,4,2,4,8,3.857142857,2.9,3.1,3.8,3.4,3.8,2.9,2.8,2.5,4.3,4.6,3,2.3
70,1,23,8,5,2,6,1,2,5,4,1,5,2,1,1,4,4,5,5,2,5,1,3,5,4,2,1,5,5,2,5,4,4,1,2,1,1,2,4,1,5,2,5,5,4,2,2,2,5,4,4,1,5,2,4,4,4,5,4,5,3,5,5,1,1,1,1,2,5,4,4,5,1,1,1,5,4,3,5,5,2,2,2,5,5,4,1,5,4,2,3,4,5,2,4,1,1,4,4,1,5,4,4,4,2,2,4,4,4,4,5,1,2,1,4,2,5,2,1,5,5,5,4,1,1,2,8,8,0,0,8,8,8,4,5,5,1,3,5,2,6,8,4.428571429,4,3.2,2.7,3.7,2.9,3.9,4.2,3.3,2.9,4.2,1.9,3.1
70,2,21,2,3,2,6,1,4,2,4,4,5,3,2,2,4,4,2,4,2,4,2,4,2,4,4,2,5,5,4,5,4,2,2,4,2,2,4,4,2,2,4,2,4,2,2,2,2,4,4,4,2,2,2,4,2,5,2,2,5,4,2,2,2,2,2,1,2,5,4,2,4,4,2,5,4,2,1,4,4,2,4,4,5,2,2,2,4,2,2,4,2,4,2,2,2,2,2,5,4,4,4,4,4,4,2,2,2,4,2,4,2,4,2,2,2,5,2,4,4,2,4,2,2,2,2,8,5,7,0,6,7,7,4,4,4,2,4,4,3,5,6,3.857142857,3.8,3.9,3.1,3.3,2.8,3.3,4.2,2.8,3.4,4,3,4.1
72,1,24,6,6,2,22,2,5,4,2,2,4,4,2,1,2,2,1,4,1,3,4,4,5,2,2,1,4,2,4,5,2,4,2,4,1,1,1,5,2,2,4,4,5,4,5,1,1,5,4,2,2,5,2,1,5,4,2,4,5,2,2,2,2,1,1,2,5,4,4,1,5,5,2,1,2,2,1,4,2,1,4,5,5,2,2,1,4,4,2,5,4,4,2,4,1,2,1,4,4,2,4,4,4,4,5,1,2,4,4,4,2,5,4,2,4,4,2,5,4,1,2,4,5,4,1,8,8,0,0,8,8,8,5,5,5,1,5,5,3,7,8,4.714285714,4.4,3.5,3.5,4,4.1,4.4,4.3,3.3,4.2,4.1,3.6,4.3
72,2,23,1,5,2,22,2,5,2,5,4,5,5,2,2,2,5,1,4,1,4,5,5,4,4,1,4,5,4,5,4,5,2,1,5,4,2,1,5,4,2,5,4,5,5,5,2,4,4,4,4,2,5,2,5,4,4,2,4,4,5,2,4,4,4,1,4,5,4,4,1,4,5,4,2,2,4,1,4,2,4,5,5,4,4,1,2,4,2,4,4,4,4,2,4,2,1,1,5,2,1,4,5,5,4,4,2,4,4,4,2,1,4,2,2,4,4,2,5,4,4,2,4,4,2,1,8,8,0,0,8,8,8,5,5,5,2,4,5,3,7,8,4.428571429,3.7,4,4.5,3.2,3.8,3.3,3.8,3.4,4,3.5,4,3.7
125,1,27,3,8,4,62,2,4,4,4,4,4,4,4,5,2,4,5,2,4,4,5,4,1,2,4,2,4,3,4,5,5,4,4,4,2,5,2,4,4,4,1,1,4,4,4,2,5,5,4,4,4,4,4,2,2,5,1,4,4,2,2,4,4,4,4,4,4,2,4,4,4,4,2,4,2,2,2,2,5,5,5,2,2,2,2,4,4,4,3,5,4,2,2,4,3,5,4,4,3,4,2,4,4,2,4,4,5,5,2,4,4,5,3,3,3,2,4,2,4,2,4,5,3,3,3,8,8,0,0,8,8,8,3,3,4,3,3,4,3,7,8,3.285714286,2.2,3.3,3.8,3.4,2.9,3.4,2.9,3.2,3.5,2.2,2.8,3.4
125,2,28,3,8,4,62,2,5,2,4,4,2,4,2,2,2,2,2,2,2,2,5,4,4,4,2,2,4,4,3,4,4,4,2,4,2,4,2,2,3,3,4,4,4,4,4,2,3,4,4,2,2,4,3,2,4,2,2,2,4,1,2,2,3,2,2,2,1,5,4,2,2,5,2,1,1,5,3,3,4,2,4,4,2,4,4,1,2,1,4,5,5,5,2,2,2,2,2,5,5,5,2,2,2,2,4,2,4,4,4,5,2,2,3,2,4,5,2,4,2,4,4,4,4,4,4,8,8,0,0,8,8,8,4,4,4,1,3,4,3,6,8,3.857142857,3.5,3.7,3.9,3.2,3.5,3.5,2.4,2.5,4,4.3,2.2,3.5
79,1,23,2,6,2,6,4,4,2,4,2,4,2,2,2,4,2,2,2,4,2,2,4,3,2,3,1,4,1,1,4,5,3,1,4,2,3,3,4,2,4,3,2,3,4,4,1,4,4,4,4,3,2,3,4,1,3,4,1,4,3,3,2,2,2,2,4,4,2,4,4,3,1,3,2,4,3,2,4,2,2,4,4,4,3,2,2,4,4,2,2,4,4,1,4,3,4,2,4,4,2,4,3,4,4,4,2,4,4,3,4,3,4,2,2,2,4,2,2,2,2,3,2,2,2,2,8,8,0,0,8,8,8,5,5,5,2,5,4,2,6,8,4.571428571,3.6,3.1,3,3.7,2.4,2.8,3.4,3.9,3.6,3.8,3.3,2.9
79,2,24,2,6,2,6,2,3,3,4,3,4,3,4,2,3,4,2,4,2,2,4,4,3,2,3,2,4,3,2,3,4,4,1,5,2,2,2,5,4,2,3,3,5,5,5,1,3,3,3,2,2,4,2,2,3,4,2,1,3,2,3,2,1,2,2,2,4,5,3,2,5,4,3,1,5,2,1,2,4,4,4,3,4,2,2,1,5,2,2,4,2,4,1,2,1,1,2,5,2,5,4,3,4,5,4,4,3,4,3,5,2,4,2,5,1,5,1,5,5,1,3,4,2,5,2,7,8,0,0,8,8,8,4,5,5,3,5,5,3,7,7.857142857,4.285714286,3.6,4.1,3.8,3.9,3.4,3.6,4.3,2,3.5,4.3,3.2,3.6
126,1,20,6,3,2,6,2,5,2,4,2,3,4,2,1,2,4,2,2,2,1,4,4,4,5,2,1,4,2,4,4,4,2,1,4,2,4,1,4,4,4,4,4,4,5,4,2,4,5,2,4,2,5,4,2,3,4,2,2,2,2,1,4,1,2,1,2,2,5,5,3,5,4,5,1,1,4,1,4,1,1,4,4,1,4,1,1,4,2,3,4,4,5,1,5,2,4,1,5,2,2,5,4,4,4,5,2,4,5,2,5,2,4,2,2,2,5,2,2,4,4,3,2,2,2,1,8,8,0,0,8,8,8,4,5,5,1,5,5,2,5,8,4.714285714,3.2,3.5,3.8,3.8,3.8,3.4,3.8,3.8,4,4.8,3.7,3.5
126,2,21,6,3,2,6,1,4,2,4,2,2,4,2,2,2,4,5,4,2,4,5,4,4,3,3,1,4,1,3,4,5,4,4,4,4,2,2,2,2,2,2,5,4,4,3,3,4,5,4,4,4,4,3,1,4,4,1,4,4,1,1,1,3,2,2,1,4,4,4,4,4,5,3,1,1,5,3,4,1,1,5,5,3,2,2,1,4,3,4,4,3,4,1,3,3,3,2,4,4,4,3,3,5,5,5,2,4,5,1,4,4,2,2,2,3,4,2,3,3,3,3,2,3,3,2,8,7,0,0,8,8,8,5,5,5,1,4,5,2,6,7.857142857,4.714285714,2.7,3.2,3.4,3.6,3.3,4.4,3.1,3.4,4.1,4.4,3.9,4
19,1,21,7,3,2,18,1,4,4,4,4,2,5,5,2,2,2,4,3,4,1,4,1,1,2,1,1,4,1,5,5,1,2,1,3,2,1,2,4,4,1,3,3,3,5,4,5,5,5,2,2,2,4,3,3,2,4,1,4,4,1,2,2,4,4,2,1,2,4,5,2,5,1,3,1,5,4,1,1,4,1,1,5,4,2,4,2,5,5,5,3,2,1,1,3,1,1,4,2,1,5,5,3,4,3,1,3,5,5,2,3,1,2,1,5,1,4,5,2,1,5,3,3,1,2,1,8,8,0,0,8,8,8,4,5,5,1,5,5,3,6,8,4.571428571,2.5,2.5,4.2,3.9,3.8,4.3,3.7,3.3,2.6,3.4,2.7,2.9
19,2,20,7,3,2,18,1,2,2,3,4,5,2,2,2,5,4,1,2,5,2,1,5,2,2,2,2,3,1,2,3,3,3,3,5,3,4,3,3,1,3,2,3,2,4,2,1,5,5,2,3,3,4,2,3,1,3,4,4,5,4,4,2,1,3,1,1,4,4,5,5,5,4,2,1,2,4,1,2,3,2,3,2,2,4,2,1,4,3,2,3,2,4,2,4,4,1,4,4,4,2,4,2,3,4,4,4,4,4,2,5,2,4,3,4,2,5,4,4,5,4,2,1,4,3,1,8,4,0,0,8,8,8,5,4,5,1,5,5,2,6,7.428571429,4.714285714,3.6,3.6,2,3.4,2.4,3.1,3.7,3.3,3.8,4.5,3.2,3.1
69,1,23,8,5,2,14,2,5,5,4,2,5,2,2,1,2,2,3,1,3,1,5,4,2,2,3,1,5,5,4,5,4,2,3,4,2,4,3,4,2,4,4,3,2,3,2,3,4,5,4,5,2,5,3,5,3,3,2,4,5,5,2,3,3,1,2,1,1,2,5,4,5,5,4,1,2,4,1,3,2,2,4,4,3,2,2,1,4,4,4,5,2,2,2,4,2,2,2,4,3,2,5,3,5,5,3,2,4,4,2,4,2,4,3,3,3,4,2,4,4,2,2,2,4,2,2,8,8,0,0,8,8,8,5,4,4,1,4,4,3,5,8,4.142857143,3.4,3.4,3.6,4,2.9,2.8,3.7,3.8,3.9,3.9,3.7,4
69,2,23,7,6,2,14,1,5,4,5,5,4,5,4,2,2,4,1,4,1,4,5,5,4,4,2,1,5,4,4,5,5,3,2,5,4,4,1,4,4,5,2,3,5,2,4,1,4,5,4,4,1,5,2,5,5,5,2,3,5,1,1,2,2,1,2,4,5,5,4,2,4,4,2,1,4,1,2,1,4,1,4,5,4,3,2,1,5,5,3,2,4,4,3,2,3,1,3,5,4,4,2,3,2,2,4,2,3,4,4,5,2,4,3,5,3,5,4,2,4,5,1,2,1,1,3,8,8,0,0,8,8,8,4,4,5,1,4,3,2,3,8,4.142857143,3.4,4.2,4.2,3.7,4.1,3.7,3.3,3.4,3.3,4.5,3,2.6
98,1,19,7,3,2,11,2,4,3,2,3,2,4,4,2,2,2,4,2,3,2,4,2,1,3,2,1,3,4,3,4,4,2,2,3,2,5,2,3,2,2,2,2,3,3,3,5,5,5,3,2,2,5,1,4,2,4,3,2,3,2,4,4,2,2,4,3,4,1,2,5,2,2,5,5,2,5,5,4,2,4,4,5,1,5,5,2,4,4,4,4,5,1,3,5,5,3,5,1,5,5,1,4,5,1,4,1,5,5,5,1,1,4,3,4,5,1,1,1,3,3,1,5,2,1,5,8,8,0,0,8,8,8,1,4,4,5,2,4,4,5,8,2.571428571,2.5,3.2,3.1,3.2,3.1,3.1,1.6,4.4,3.8,1.4,3.2,3.1
98,2,19,7,3,2,11,2,5,2,4,3,4,3,5,4,4,5,4,4,2,3,4,4,4,2,2,4,3,4,4,4,2,4,2,4,2,2,2,4,2,4,3,4,4,4,4,2,2,5,5,2,2,5,3,2,4,3,4,2,3,1,2,4,3,2,1,4,2,5,2,2,4,3,1,2,5,4,3,4,4,2,2,4,2,4,4,2,2,2,4,3,5,4,2,2,4,2,5,4,2,3,4,3,2,5,3,2,3,4,2,2,4,4,3,4,2,4,4,4,4,2,4,2,3,2,2,6,8,0,1,6,8,6,3,3,3,3,3,4,4,6,7,3,3.4,3.9,3.2,2.8,3.9,4.1,3.1,3.1,2.3,4,1.9,3.1
99,1,26,6,7,2,16,2,5,4,3,1,4,1,4,2,1,2,1,1,1,2,4,2,5,3,2,1,4,2,1,4,2,4,1,2,1,2,1,4,3,3,5,3,4,3,4,4,2,4,2,4,3,4,1,1,3,4,3,4,5,4,2,1,3,2,1,1,4,2,4,4,5,3,4,2,2,4,1,5,1,3,4,4,4,2,2,1,4,4,1,5,2,4,1,4,3,2,1,5,2,2,5,4,4,4,2,2,2,4,2,4,2,5,1,1,3,5,3,2,5,3,1,2,2,1,5,8,8,0,0,8,8,8,4,4,5,1,4,4,2,6,8,4.285714286,4.8,2.4,3.7,4.1,4.2,3.1,4.2,4.2,3.4,4,4.2,4.2
99,2,25,4,7,2,16,1,5,2,3,4,3,3,2,1,1,3,1,5,1,3,3,4,2,2,2,1,5,2,2,3,4,4,1,4,3,3,2,5,3,3,4,2,4,4,3,2,2,4,2,4,2,3,4,2,3,2,1,2,4,3,3,2,3,3,1,2,5,5,4,2,5,5,4,2,3,1,1,2,2,4,3,2,2,2,2,1,5,2,2,4,2,4,2,2,2,2,1,4,2,4,5,2,3,4,2,3,2,4,1,4,2,4,1,4,2,2,1,5,1,2,2,2,4,4,1,8,8,0,0,8,8,8,4,5,5,1,5,5,2,5,8,4.714285714,3.6,3.4,3.9,3.8,3.6,3.6,4,2.1,3.6,3.8,4,3.5
123,1,20,3,2,2,12,2,5,4,3,3,5,5,5,4,2,3,1,1,3,4,3,3,4,1,3,1,5,3,4,5,4,4,3,4,2,3,3,3,2,4,5,3,3,4,3,4,4,4,3,5,2,2,5,3,4,4,4,4,5,1,2,5,3,4,4,4,2,2,4,4,5,3,2,3,3,5,3,5,4,3,3,4,3,3,4,3,4,3,3,2,4,3,3,4,1,4,4,3,2,3,3,4,3,3,2,3,4,4,4,3,2,4,3,2,3,3,4,2,4,4,4,3,3,3,4,8,8,4,0,6,8,8,3,4,4,3,3,4,2,5,7.142857143,3.571428571,3.5,2.6,3.2,3.4,3.5,3.8,3.3,3.7,3,2.9,2.2,3.1
123,2,18,3,2,2,12,4,4,4,4,2,5,5,4,5,2,4,5,5,4,2,5,4,4,5,2,2,5,3,2,2,5,2,1,2,2,2,1,4,4,2,2,3,5,4,4,1,4,5,4,3,1,5,2,5,2,5,4,4,4,2,2,2,4,2,4,1,5,5,5,1,5,5,5,3,1,2,2,2,1,1,5,5,5,5,1,1,4,2,3,5,2,3,2,2,2,3,1,4,2,2,3,3,5,5,2,2,2,5,2,5,3,4,2,5,5,5,2,5,5,1,2,2,5,5,2,8,8,0,0,8,8,8,5,4,4,2,3,3,2,5,8,3.857142857,3.2,3.5,4.2,3.5,3.3,3.2,4.1,2.6,3.9,4.4,4.7,3.5
82,1,22,8,3,2,18,4,5,2,2,5,3,2,2,2,2,4,3,4,1,2,1,4,2,3,2,1,2,3,4,3,2,2,1,4,2,2,2,4,2,2,3,2,4,3,4,2,4,4,2,4,4,5,4,2,2,4,4,2,3,3,2,2,2,3,4,4,4,2,5,4,5,2,4,2,2,2,3,4,4,2,4,4,2,3,4,2,4,3,4,3,2,2,1,4,2,2,5,4,2,2,3,3,5,4,4,2,4,3,2,4,2,5,4,2,2,2,2,2,4,3,2,2,4,2,3,8,8,0,0,7,8,8,5,4,5,2,4,5,2,7,7.857142857,4.428571429,2.6,4,2.6,3.6,3.8,3.1,3,3.8,4,3.4,3.2,3.1
82,2,21,8,3,2,18,2,5,3,4,5,5,4,4,3,2,5,2,5,2,4,2,5,2,2,1,3,4,3,3,2,5,4,2,5,4,1,1,5,4,1,4,3,4,3,4,1,2,5,4,2,2,4,3,2,2,2,3,3,4,1,4,2,3,2,1,2,4,4,4,4,4,3,1,2,4,4,2,1,2,3,1,5,4,3,1,1,3,2,3,3,2,2,2,4,2,3,5,3,2,3,4,1,2,3,2,2,3,4,1,5,3,3,3,5,2,3,4,4,5,3,1,2,1,3,2,8,8,0,0,8,8,8,4,4,5,2,4,4,3,5,8,4,3.6,4.4,3.6,3.1,3.4,4.1,3.8,3.4,2.4,3.6,3.3,2.6
83,1,23,8,4,2,24,1,5,2,3,2,2,4,3,4,4,3,2,4,4,2,4,4,2,4,2,2,4,4,3,4,4,3,2,4,2,2,2,4,2,4,3,3,3,4,4,2,4,4,4,2,2,4,4,4,2,5,4,2,2,3,2,3,2,3,4,2,5,3,4,4,3,4,4,4,2,4,3,4,2,4,4,4,4,4,2,3,4,4,4,4,4,4,3,4,2,2,2,4,4,3,2,4,4,4,4,2,4,4,2,3,2,4,4,2,4,3,2,2,2,2,2,2,3,2,2,8,8,0,0,8,8,6,5,5,5,1,5,5,2,6,7.714285714,4.857142857,2.6,3.4,3.1,3.3,3.1,3.5,2.8,3.9,3.8,3.2,3.9,3.8
83,2,21,8,4,2,24,2,5,4,3,4,4,5,4,2,1,4,3,5,2,4,5,5,4,2,2,2,5,5,4,4,3,4,1,4,3,2,2,4,4,2,2,5,5,4,4,2,4,5,2,4,2,5,3,4,5,3,4,4,5,2,4,2,4,4,3,2,4,4,4,2,4,3,2,1,2,2,2,2,2,1,4,4,4,2,2,1,5,3,4,4,4,4,2,2,2,3,2,5,2,2,3,3,4,4,3,2,4,4,2,5,1,4,4,4,3,5,3,4,5,3,2,1,4,3,3,8,8,0,0,8,8,8,5,5,5,1,4,5,2,7,8,4.714285714,3.1,3.9,4.1,3.7,4,4.2,3.3,3,3.8,4.7,3.5,3.2
76,1,20,7,3,2,18,2,4,3,2,1,4,4,1,1,2,4,2,2,4,2,4,2,2,2,2,2,4,2,3,3,2,2,2,4,2,1,4,3,2,4,5,4,3,4,3,4,3,4,2,5,2,2,3,2,1,4,2,4,4,3,3,4,2,5,2,2,5,4,4,4,3,2,5,2,1,4,2,4,1,3,4,5,2,3,2,1,4,5,5,4,2,4,1,4,4,2,1,3,4,2,2,3,5,4,4,3,4,3,2,3,4,5,5,2,4,4,1,3,2,2,2,4,5,2,2,8,8,1,9,8,8,8,4,4,4,2,4,5,2,7,7.833333333,4.142857143,3.6,2.2,3.3,3.6,2.8,3.7,2.3,4.1,4.2,3.6,4.5,3.5
76,2,20,7,3,2,18,2,4,3,4,4,3,3,4,3,2,3,2,4,2,3,4,4,3,3,3,2,4,4,3,4,4,3,2,4,3,2,2,3,4,3,3,4,4,4,3,3,4,4,4,2,2,4,3,3,3,4,2,3,3,3,2,3,3,2,2,2,2,3,3,3,4,3,2,2,3,2,2,2,4,3,2,4,4,3,3,2,4,3,3,4,3,4,2,3,2,2,2,4,3,4,4,3,4,4,3,3,3,3,3,2,2,4,3,3,2,4,2,3,4,3,4,2,3,2,2,8,8,0,0,8,8,8,5,5,5,1,5,5,2,6,8,4.857142857,3.1,3.6,3.8,3.2,3.4,3.6,3.7,3.1,3.3,3.6,2.7,3.2
75,1,21,2,2,2,12,2,5,4,4,2,4,2,2,2,3,4,2,2,4,3,4,4,3,2,3,2,4,4,3,4,4,4,2,4,3,4,3,4,3,4,3,4,4,3,4,3,2,4,3,4,3,5,2,3,4,4,2,3,4,4,2,4,3,3,2,2,3,3,4,4,4,4,4,3,2,3,2,3,3,3,4,4,3,2,3,2,4,3,3,4,4,4,2,4,3,3,2,4,3,3,3,4,4,4,4,3,4,4,3,3,3,4,2,2,4,4,2,3,4,3,3,3,3,3,2,8,8,1,1,7,8,7,4,5,4,2,4,4,2,5,7.428571429,4.142857143,3.6,3.4,3.6,3.6,3.2,3.1,3.4,3.4,3.7,3.5,3.3,3.7
75,2,21,9,2,2,12,2,5,2,4,3,2,3,4,3,2,4,4,3,2,3,4,4,2,3,2,3,2,3,3,4,3,2,3,5,4,4,2,4,3,2,2,3,5,4,4,3,5,4,2,2,3,4,4,2,3,2,4,2,2,2,2,4,4,2,4,4,2,4,4,3,3,2,2,1,4,3,4,2,4,2,4,4,2,3,4,2,4,2,3,2,3,4,2,4,3,5,5,4,2,4,3,3,3,4,3,2,4,4,3,4,2,4,3,4,2,4,3,4,4,5,4,3,2,3,4,8,8,2,6,8,8,8,5,4,4,2,4,4,2,5,6.857142857,4.142857143,2,3.8,3.3,2.7,4,3.4,2.7,3.1,3.2,4,2.2,2.2
77,1,25,7,7,2,87,2,5,3,4,4,3,4,5,4,2,4,1,4,1,2,4,3,2,3,1,1,4,2,4,4,4,4,2,5,3,2,1,1,4,4,3,3,4,4,4,2,4,5,4,3,2,4,2,4,3,4,2,1,3,2,2,4,3,2,1,2,4,3,4,4,3,3,2,1,2,3,1,4,2,2,4,4,4,3,1,2,4,2,3,4,4,4,2,4,2,3,2,4,2,3,4,4,4,3,3,4,4,4,2,3,2,2,2,4,3,4,2,2,2,2,1,2,2,2,1,8,6,0,0,8,8,8,5,5,5,1,5,5,3,7,7.714285714,4.714285714,3.2,3.7,3.9,3.2,4,3.7,3.6,3.2,3.5,3.8,3.7,3.5
77,2,25,7,7,2,87,1,5,3,4,4,4,2,4,2,2,1,2,4,2,2,4,5,4,3,3,1,4,4,4,4,2,3,2,4,3,2,2,4,3,2,4,4,4,4,4,2,3,4,4,3,3,4,2,2,3,4,3,3,4,3,2,2,3,2,3,2,4,4,4,2,4,4,4,2,2,1,2,1,4,2,4,4,2,2,1,1,5,2,3,2,2,4,1,2,3,2,1,4,4,4,3,2,5,4,4,3,3,4,2,5,2,2,2,4,3,4,2,4,4,2,2,2,4,4,2,8,8,8,0,8,8,8,4,5,4,2,5,4,2,7,6.857142857,4.285714286,3.5,3.7,3.6,3.8,3.7,3.7,3.4,2.2,4.2,4.2,4,3.1
89,1,21,8,4,2,17,2,5,4,4,2,5,3,4,2,2,2,2,4,2,4,4,3,2,5,2,2,4,2,2,4,4,4,1,4,2,3,2,4,3,2,5,4,4,4,4,4,4,3,3,2,2,2,-99,4,2,4,2,4,4,5,2,3,3,3,1,2,4,2,4,4,5,1,4,2,4,4,1,2,2,2,4,4,4,4,2,2,4,4,3,4,4,4,2,4,2,4,2,4,2,2,5,3,4,4,4,2,4,3,2,4,4,4,2,4,3,4,2,2,4,5,2,4,2,2,1,8,8,1,0,8,8,8,5,5,4,1,4,4,3,6,7.857142857,4.285714286,3.888888889,2.6,3.9,3.5,3.6,2.9,4.1,4,3.2,3.6,3.7,2.4
89,2,21,8,4,2,17,3,4,1,4,4,5,2,5,2,4,5,3,2,1,2,3,5,2,2,4,1,2,2,3,2,3,2,1,5,4,5,1,2,2,2,3,2,5,4,5,2,4,5,5,1,5,5,3,5,3,2,4,2,2,5,2,2,2,2,4,5,5,5,5,2,5,1,2,2,2,2,2,1,2,4,5,2,4,5,2,5,1,3,1,1,3,5,2,2,2,4,3,5,3,5,4,3,3,4,5,4,2,4,3,5,1,2,1,2,2,5,1,4,4,5,3,2,2,5,3,8,8,0,5,6,8,8,3,3,3,3,4,5,3,5,7,3.428571429,2.7,4.2,2.8,2.9,3.7,2.3,4.2,1.9,3.9,4,3.2,1.9
88,1,20,2,2,2,14,2,3,4,3,2,3,4,3,2,4,2,3,4,3,2,4,3,4,2,4,3,3,4,3,2,4,3,2,3,2,2,2,4,2,3,2,3,3,4,3,2,3,4,4,2,2,4,3,4,2,3,2,2,2,2,2,2,2,2,2,2,2,2,4,4,3,2,2,2,4,4,3,2,3,4,4,4,4,3,3,4,3,3,3,2,4,2,2,4,4,4,3,4,3,3,3,4,4,4,3,2,4,2,4,2,-99,3,2,2,2,3,2,2,3,4,4,3,2,2,3,8,7,8,1,7,7,8,5,4,4,2,4,4,4,6,6.285714286,3.857142857,3.1,3.3,3.1,3.5,2.8,3.5,3,3.7,3.222222222,2.8,2.5,2.7
88,2,19,2,1,2,13,5,5,2,5,3,2,4,5,2,2,3,1,5,2,2,3,4,3,3,2,2,5,2,3,1,2,1,1,2,4,1,1,4,4,2,2,4,4,3,5,4,4,4,4,2,1,5,1,4,3,4,1,4,4,5,2,2,3,2,1,5,3,4,4,2,5,2,4,1,2,2,1,2,5,2,3,5,4,3,2,2,5,2,2,1,3,4,1,4,2,4,2,4,3,4,4,5,4,3,3,2,4,5,3,4,1,4,1,5,3,5,1,4,3,5,2,1,3,5,1,8,8,0,0,8,8,8,3,4,4,1,4,5,3,6,8,4,3.3,3.1,4.4,3.2,4,3,4.1,2.8,4,4.2,3.3,2.3
85,1,21,8,3,2,11,2,3,4,2,2,4,3,2,3,4,3,1,2,2,2,3,2,3,3,3,1,5,3,3,4,3,4,2,2,3,2,2,4,2,4,4,4,4,3,4,3,2,4,3,4,3,5,3,3,2,4,3,4,3,2,4,3,2,2,2,2,4,4,4,4,4,2,3,2,2,2,2,2,2,2,4,4,2,4,4,2,4,4,4,2,2,4,2,4,2,4,2,4,2,2,4,2,4,4,4,2,4,4,2,2,2,4,2,4,2,4,2,2,2,4,2,3,2,2,2,8,8,0,0,8,8,8,4,4,4,1,4,5,2,7,8,4.285714286,3.6,2.8,3,3.8,3,3.5,3.2,3.8,3.6,3.7,3.5,2.4
85,2,21,8,3,2,11,2,5,4,4,3,5,1,4,2,2,4,1,2,1,3,3,4,4,2,2,1,4,4,3,2,4,4,2,4,2,3,1,4,3,2,4,4,5,4,3,2,3,4,2,3,2,4,1,3,3,4,2,2,5,4,1,2,2,2,1,2,2,5,4,2,4,3,2,2,4,2,1,4,4,2,3,4,5,2,2,1,4,4,2,5,4,4,2,2,2,2,2,4,2,4,4,4,3,4,4,2,3,4,2,4,2,4,2,2,3,4,2,4,4,3,2,2,2,2,2,7,6,0,0,7,5,5,5,4,4,2,3,4,2,6,6.571428571,4,4.3,3.9,3.5,3.9,4.2,2.9,4.1,3,3.3,4.2,3,3.9
84,1,21,2,3,2,13,1,2,5,2,1,2,2,2,2,4,2,2,5,5,3,3,3,4,2,4,1,3,3,1,3,3,3,2,4,2,1,4,3,1,5,3,5,5,3,1,3,2,4,2,5,4,3,2,2,3,4,1,1,1,1,3,2,2,2,1,3,5,3,3,3,5,2,2,2,2,4,1,2,1,2,5,5,1,4,3,3,5,5,1,4,4,5,5,5,1,1,1,3,1,3,1,5,1,3,1,3,2,1,5,2,5,5,5,5,5,5,5,1,1,5,1,4,2,1,3,8,8,8,8,8,8,8,4,5,5,1,5,5,2,7,5.714285714,4.714285714,3.6,2.9,2.5,3.9,2.7,4.2,3.1,4.3,2.4,3.4,3.4,2.6
84,2,19,4,2,2,13,1,5,2,4,4,5,4,2,5,4,5,2,4,4,5,4,5,5,1,2,3,5,4,3,5,5,4,2,5,1,2,4,5,5,5,5,5,4,4,1,1,1,5,5,1,2,5,1,5,2,5,5,2,5,4,4,2,3,1,1,1,5,5,5,1,1,5,4,1,4,5,1,5,1,2,5,5,5,1,1,1,5,4,2,5,5,5,1,2,1,1,4,5,4,4,5,5,5,5,2,1,1,5,2,2,4,1,1,5,4,5,2,5,5,2,1,1,2,2,1,6,8,0,0,8,8,7,4,5,5,1,5,5,4,7,7.571428571,4.428571429,4.7,4.3,3.3,3,2.5,4,4.5,3,3.6,4.6,4,4.5
80,1,23,9,5,3,74,3,5,5,2,1,2,2,5,3,2,4,2,2,1,3,3,4,2,1,1,1,4,3,1,4,4,4,2,2,2,4,2,4,4,2,2,5,4,4,4,1,4,5,3,4,2,5,2,4,4,4,3,4,2,4,2,1,3,4,1,1,4,2,5,5,3,2,5,4,3,5,2,1,2,4,3,5,4,2,2,4,4,2,2,2,2,1,2,5,5,4,1,2,2,1,3,3,5,4,4,2,5,4,2,2,2,5,2,5,5,1,1,2,2,2,1,4,3,3,2,6,6,8,8,6,6,6,5,5,5,2,5,5,3,4,4.285714286,4.571428571,3.2,3.2,3.5,4.1,4.1,3.2,3,4.3,3.7,2,4.5,2.8
80,2,25,4,5,2,62,3,5,2,4,2,2,4,3,2,2,4,3,4,2,3,4,4,4,2,2,3,4,2,3,3,4,2,1,4,4,2,2,4,4,2,3,4,5,4,4,2,4,5,2,2,1,5,2,2,2,3,3,2,4,3,2,1,4,2,1,2,4,4,4,1,2,4,2,2,2,2,4,4,4,2,5,4,4,2,2,2,5,2,3,4,4,4,1,1,4,2,2,4,4,4,2,4,4,4,5,2,5,5,2,4,1,5,2,2,4,4,-99,2,4,2,4,2,4,2,2,6,6,8,8,6,6,6,4,4,4,3,4,5,2,7,4.285714286,4,3.2,3.7,4.1,3.2,3.7,3.8,2.8,2.9,4.555555556,4,3.2,4.1
91,1,20,8,2,2,7,1,4,5,4,2,4,4,3,1,1,4,5,5,2,4,2,4,4,2,2,2,5,2,3,5,4,4,3,4,1,2,2,5,4,4,4,5,5,3,4,4,4,4,4,5,5,5,3,5,5,5,2,2,4,4,2,2,2,2,1,1,5,2,4,4,4,5,4,3,1,4,2,5,4,4,4,4,5,3,4,4,4,4,4,5,5,1,2,4,2,3,1,4,4,2,4,5,5,5,3,2,4,5,4,2,2,5,2,2,5,4,2,1,4,4,4,3,4,1,1,8,8,1,0,7,8,8,4,5,4,2,4,4,3,6,7.714285714,4,3.5,3.3,3.4,4.2,3.7,3.9,3.8,4.3,4,2.8,3.3,4.2
91,2,19,6,2,2,7,2,4,3,4,2,3,4,3,3,1,4,1,4,4,4,4,4,4,2,2,3,3,3,3,4,4,3,3,5,4,4,2,2,5,4,2,5,4,4,4,2,1,4,2,3,4,4,3,2,3,2,1,4,3,1,2,3,4,3,1,2,3,5,4,1,4,4,2,1,2,1,1,4,4,4,4,4,4,2,3,1,5,3,3,4,4,5,1,2,4,2,3,4,4,4,4,4,4,4,4,3,4,5,4,5,2,5,4,2,3,5,2,5,4,1,4,4,3,1,3,8,8,0,0,8,8,8,4,4,4,1,5,5,2,7,8,4.428571429,3.5,3.3,3.9,2.8,3.4,4,3.3,2.7,4.1,4.2,2.6,4.2
92,1,20,9,2,2,7,2,5,3,4,2,3,4,4,3,2,5,3,2,2,3,3,2,2,3,2,1,3,2,2,2,4,2,2,5,2,2,2,4,2,3,3,3,4,4,4,3,5,5,3,4,3,5,3,3,2,4,3,3,4,2,3,4,2,2,2,2,4,4,4,5,5,3,5,3,2,5,2,2,1,3,4,5,4,4,2,1,3,4,3,4,2,2,2,5,1,4,2,3,2,2,2,2,3,4,3,3,5,5,2,4,2,4,2,3,3,5,4,2,5,4,4,4,3,2,2,8,8,0,0,8,8,7,5,4,4,2,2,5,3,6,7.857142857,3.857142857,3.1,3.4,3.2,3.4,3.5,3.4,3.7,4.3,3.3,3.5,3.8,2.9
92,2,19,3,2,2,6,1,3,2,2,2,2,5,2,2,3,4,4,3,3,3,2,4,2,2,2,2,3,2,2,5,4,3,2,4,4,3,2,3,3,3,2,2,4,4,3,2,5,5,3,2,2,4,2,3,2,4,4,4,2,3,2,4,3,4,3,2,4,5,4,4,4,3,2,1,2,2,1,2,1,1,4,4,4,2,2,1,4,2,2,4,4,5,1,4,2,4,4,5,3,4,5,4,4,5,4,1,3,4,2,5,2,5,2,4,2,5,2,4,4,3,1,1,2,4,1,8,8,0,0,8,8,4,5,5,5,3,5,5,2,7,7.428571429,4.571428571,2.4,3.1,2.9,3.1,3.1,3.8,4.2,3.2,3.8,5,3.4,3.2
93,1,30,8,9,4,12,4,4,2,4,2,3,3,3,2,3,4,4,1,2,4,4,4,3,3,2,1,4,1,3,2,3,3,3,4,3,4,2,4,2,3,3,3,3,3,3,2,4,3,2,4,3,2,2,4,2,4,2,4,4,5,1,1,2,2,3,3,4,4,4,3,2,4,2,2,2,3,3,2,2,2,4,4,3,3,2,2,4,3,3,3,3,4,2,3,3,3,2,4,4,3,3,3,3,3,4,3,3,3,2,4,2,2,2,2,2,4,1,2,2,2,2,2,3,3,3,8,8,0,0,8,8,8,5,5,5,1,5,5,2,7,8,4.857142857,3,3,3.2,3.6,3.6,2.2,2.9,3.1,4,3.9,3.4,3.2
93,2,29,2,9,4,12,2,4,2,3,2,2,5,3,1,2,4,3,4,2,4,2,2,3,2,2,4,4,3,2,3,4,3,2,4,2,2,2,3,3,4,2,2,3,3,3,4,4,5,4,2,2,3,2,5,4,3,3,2,5,2,4,3,3,3,3,5,4,3,4,2,4,1,2,2,2,3,3,1,1,4,4,3,2,4,2,2,4,1,1,1,2,3,1,2,2,5,1,3,2,3,3,2,4,4,2,3,2,4,2,2,2,2,1,5,2,2,1,2,5,5,1,4,3,2,2,8,8,0,0,8,8,8,4,5,5,1,5,5,2,7,8,4.714285714,3.2,2.9,3.3,2.8,3.2,3.6,3.9,2.7,3.7,2.9,3.9,1.5
94,1,20,6,3,2,18,5,4,3,3,2,5,1,2,1,4,4,4,1,5,4,2,4,3,2,2,2,4,2,2,1,5,2,2,5,2,1,2,2,1,4,2,5,3,3,3,2,2,4,4,4,2,2,1,3,1,4,4,4,5,5,1,3,2,3,3,4,2,4,5,2,4,2,2,2,2,1,2,1,2,4,4,4,4,4,3,2,4,2,2,1,4,4,2,2,2,5,2,3,2,1,2,5,3,3,4,4,2,4,4,3,2,4,2,4,1,2,1,2,5,5,2,2,2,4,1,8,8,1,0,6,8,8,4,5,5,1,4,5,2,6,7.571428571,4.571428571,3.7,3,2.7,3.2,2.7,2.6,4,2.8,3.8,3.3,2.7,2.1
94,2,21,8,3,2,18,3,5,2,2,2,5,3,4,1,2,2,1,1,4,3,3,2,3,4,1,1,5,1,3,1,3,3,3,2,1,3,1,4,2,3,5,2,3,4,2,3,1,3,2,3,2,4,2,3,2,4,3,3,5,3,3,2,2,3,1,3,2,4,5,3,5,3,2,1,2,3,3,1,3,1,2,4,3,3,1,1,5,1,3,1,3,2,3,4,2,1,2,4,2,3,4,4,4,2,2,3,2,3,2,3,2,4,3,4,2,3,1,2,5,3,2,4,3,3,2,8,8,0,0,8,8,8,4,5,4,1,4,5,3,5,8,4.285714286,4.5,2.5,3,3.7,3.6,2.4,3.8,3.2,3.5,3.5,3.3,2.8
96,1,24,9,6,2,25,2,5,2,3,3,4,4,3,2,2,3,3,5,2,2,3,4,3,3,2,2,3,2,2,5,4,2,2,4,3,1,1,3,3,3,3,4,4,4,3,3,3,5,4,3,3,4,3,2,3,3,2,2,4,2,2,1,2,2,2,2,3,4,4,4,4,4,2,1,3,3,3,2,4,3,4,4,3,3,2,2,5,4,3,4,4,4,2,4,2,3,3,4,2,3,3,4,4,4,2,2,4,4,4,3,4,5,3,2,1,4,1,2,5,3,4,4,3,2,3,8,8,0,1,8,8,8,5,4,4,1,4,4,2,6,7.857142857,4.285714286,3.4,3.4,3.2,3.4,3.6,4.3,3.3,3.9,3.4,3.7,2.5,3.5
96,2,23,4,6,2,25,2,2,3,2,2,1,4,1,3,3,4,2,5,5,4,2,4,2,1,4,2,4,3,2,2,4,2,2,2,1,1,2,4,3,4,2,5,3,3,1,1,4,5,4,3,2,4,2,1,2,4,2,2,5,1,4,3,2,3,1,1,5,5,5,2,5,5,4,3,2,4,1,5,2,2,2,4,2,4,2,2,3,2,2,5,2,3,2,2,1,1,1,5,2,1,4,2,4,5,1,2,1,4,1,4,1,4,2,1,4,4,2,4,5,1,1,2,3,2,2,8,7,0,0,7,8,8,5,4,5,1,5,4,2,5,7.714285714,4.571428571,3.4,3.3,2.9,3.1,2.1,4.5,4.3,3.3,3.3,4.1,4.4,4.3
95,1,20,8,2,2,11,5,5,5,1,4,1,4,4,2,2,2,5,1,5,4,5,5,2,5,1,3,4,4,4,1,5,4,2,3,4,4,1,3,5,3,2,5,5,5,5,2,4,5,4,4,3,4,5,2,3,3,4,4,4,5,3,4,4,3,3,1,2,5,4,5,5,3,3,1,5,5,1,2,1,1,3,5,5,3,5,1,5,3,4,4,4,5,1,4,3,3,1,5,4,4,4,3,3,4,4,2,3,4,3,4,2,4,3,3,2,5,3,1,5,5,5,4,4,4,1,8,7,1,2,8,8,8,5,4,5,2,4,4,2,6,7.428571429,4.285714286,2,3.4,3.7,3.5,3.4,2.5,4,3.9,3.7,4.5,2.7,3.1
95,2,18,8,2,2,11,2,5,2,4,2,5,5,4,1,2,4,2,3,1,2,2,4,4,2,2,1,5,4,3,5,4,3,1,5,3,1,1,5,3,2,5,4,4,4,3,2,3,4,2,4,2,5,3,4,2,5,1,4,5,4,3,1,3,2,1,4,5,3,4,3,5,2,2,1,3,1,4,5,4,1,4,5,4,2,2,1,5,4,4,1,2,2,1,4,4,1,3,3,2,2,4,3,2,4,2,1,2,5,2,5,1,5,4,1,2,5,1,4,5,5,4,1,3,2,4,8,8,0,0,8,8,8,3,3,4,2,3,4,2,7,8,3.571428571,4,3.8,3.8,4.2,3.8,3.8,3.2,3.7,3.8,4.2,3,3.3
97,1,21,9,3,2,6,3,2,4,5,1,5,4,2,3,2,3,3,3,2,3,2,2,3,3,2,3,4,3,1,3,3,2,1,4,3,4,4,3,2,4,3,2,4,2,5,5,1,5,2,3,2,2,2,1,5,1,1,1,5,5,2,3,4,2,2,3,2,2,4,2,2,1,3,1,5,2,3,2,4,2,5,2,3,5,3,2,4,3,2,5,2,3,1,2,1,3,1,4,2,4,3,3,3,5,2,3,5,4,3,2,5,3,1,3,2,5,3,2,4,2,4,2,4,2,3,8,5,0,0,8,8,8,4,5,4,2,4,4,2,6,7.571428571,4.142857143,4,2.7,4,2.7,3.4,3.1,3.3,2.7,3.1,3.8,2.9,2.9
97,2,18,8,1,2,6,2,5,3,2,4,3,4,2,2,4,4,4,4,2,3,2,5,1,4,2,2,3,5,3,2,4,2,3,2,2,2,2,4,2,5,2,3,2,5,3,2,5,4,4,2,2,4,2,4,4,3,2,2,5,4,4,4,2,2,4,4,2,4,2,2,2,2,2,2,2,4,5,2,4,4,4,5,4,4,2,4,4,2,3,2,4,2,2,2,2,4,2,3,4,2,3,3,2,4,4,2,3,5,4,2,2,4,3,2,3,4,2,4,5,3,5,4,2,2,4,8,4,0,1,6,8,6,3,4,4,2,4,4,3,6,6.714285714,3.714285714,2.7,3.7,2.7,3.2,3.1,3.1,3,3.3,3.6,2.9,2.4,2.7
68,1,18,9,1,2,13,1,5,5,3,3,3,5,4,2,2,3,4,5,3,3,4,3,3,1,2,1,5,2,4,5,3,4,1,4,1,2,3,5,5,4,2,4,4,5,5,5,5,5,4,4,2,3,3,2,3,5,3,3,3,1,3,4,5,3,1,1,5,3,4,5,5,5,2,4,5,1,4,5,1,5,2,5,2,3,4,5,3,5,5,5,1,4,3,5,2,1,5,3,1,1,3,4,5,2,3,1,4,5,1,2,3,5,4,1,5,2,2,4,4,4,3,5,1,2,1,8,4,2,0,8,8,6,5,4,4,1,3,5,3,5,6.857142857,4.142857143,2.9,2.7,4.3,4.2,3.4,4.7,3,4.2,2.5,2.1,3.8,4.4
68,2,19,8,1,2,13,2,5,5,4,5,4,3,4,4,2,3,2,5,1,4,4,4,4,2,2,2,5,2,4,4,2,5,2,3,2,2,2,5,4,2,2,5,4,4,4,4,3,4,2,4,2,5,4,1,4,4,2,4,4,3,2,3,3,3,1,2,5,5,4,1,5,4,5,3,1,2,1,3,1,3,5,4,4,2,2,1,5,2,4,5,1,5,1,1,2,2,1,5,5,2,4,4,5,4,4,3,3,5,2,5,1,5,3,2,4,5,1,5,4,1,1,3,4,3,1,8,8,0,0,8,8,8,5,5,5,2,5,5,2,7,8,4.714285714,3.4,3.3,4,3.8,4.2,4.1,3.9,2.6,4.7,4.3,4.7,4.2
78,1,25,7,7,2,6,2,5,4,2,2,4,3,3,2,3,3,2,4,2,1,2,4,2,4,2,1,4,2,1,3,3,2,2,4,4,2,1,4,1,2,3,4,5,4,4,2,4,5,2,3,4,4,2,2,3,2,2,3,4,5,1,2,1,3,1,4,2,4,4,5,2,1,2,1,2,5,4,1,3,2,2,5,2,4,2,1,3,4,1,2,3,5,3,5,4,5,3,4,4,1,2,2,2,4,5,1,4,4,4,3,2,5,1,5,1,5,3,2,4,4,4,4,4,2,4,8,8,2,0,8,8,8,4,5,4,1,4,4,3,6,7.714285714,4.142857143,3.5,3.3,2.7,3.7,4.1,3.4,2.8,4.7,3.6,4.1,2.4,1.8
78,2,22,7,5,4,6,2,4,2,2,2,2,2,2,2,4,4,1,3,4,3,4,4,2,2,2,2,3,3,3,5,3,2,2,3,3,5,4,3,3,2,3,2,3,4,3,2,5,5,2,2,3,5,3,2,2,3,4,2,4,2,3,2,1,2,1,1,4,4,5,2,4,4,2,2,4,2,1,4,2,1,2,3,2,2,2,1,4,2,2,5,2,3,1,3,2,2,3,4,2,4,5,3,3,3,3,2,4,4,2,3,2,3,2,2,3,3,1,3,3,2,2,2,2,3,1,8,8,0,0,8,8,8,5,5,5,1,5,5,3,7,8,4.714285714,3.1,3.7,2.7,3.1,2.9,3.4,3.8,2.7,3.4,3.8,3.5,4.1
