,session,hex01,hex02,hex03,hex04,hex05,hex06,hex07,hex08,hex09,hex10,hex11,hex12,hex13,hex14,hex15,hex16,hex17,hex18,hex19,hex20,hex21,hex22,hex23,hex24,check1,hex25,hex26,hex27,hex28,hex29,hex30,hex31,hex32,hex33,hex34,hex35,hex36,hex37,hex38,hex39,hex40,hex41,hex42,hex43,hex44,hex45,hex46,hex47,hex48,hex49,hex50,hex51,hex52,hex53,hex54,hex55,hex56,hex57,hex58,hex59,hex60,age,sex,relation_type,phex29,phex30,phex31,phex32,phex33,phex34,phex35,phex36,phex37,phex38,phex39,phex40,phex41,phex42,phex43,phex44,phex45,phex46,check2,phex47,phex48,phex49,phex50,phex51,phex52,phex53,phex54,phex55,phex56,phex57,phex58,phex59,phex60,phex01,phex02,phex03,phex04,phex05,phex06,phex07,phex08,phex09,phex10,phex11,phex12,phex13,phex14,phex15,phex16,phex17,phex18,phex19,phex20,phex21,phex22,phex23,phex24,phex25,phex26,phex27,phex28,sex_partner,age_p,year,months,length,comit01,comit02,comit03,comit04,comit05,comit06,comit07,satis01,satis02,satis03,satis04,satis05,satis06,satis07,pHH,pEM,pEX,pAG,pCO,pOP,HH,EM,EX,AG,CO,OP,satis,commit
1,F7UN9N-S41klGmgBuQatTd-BCSAkMU5A_J6An9IPuMw90PlJAy2cJqM-EWOhU0j_,3,4,1,4,4,2,1,4,2,3,5,3,2,2,3,5,4,2,4,4,3,3,3,2,2,3,3,1,2,4,4,4,2,2,2,2,2,2,3,2,4,2,3,4,2,2,2,4,2,5,2,2,4,1,2,2,3,4,2,2,4,28,2,5,4,4,3,2,2,2,3,2,2,4,3,4,4,4,4,3,3,2,4,2,4,4,2,1,2,2,2,2,2,4,4,2,4,3,3,2,4,3,2,3,3,2,2,2,4,2,4,2,4,4,2,4,2,2,4,2,3,3,3,2,2,1,29,29,4,352,9,6,1,1,6,9,9,2,2,2,3,2,2,2,2.1,3,3.8,2.7,3.2,2.8,2.6,4.1,3.3,2.2,3.3,2.4,2.428571429,7.571428571
4,rdmtqs0emntXbacXc8M7MWfc-ZYkifi3nSdjDC8yUlKCJaAoxoKgKab7DbnUCG37,2,4,1,4,5,3,2,3,2,2,4,4,2,2,2,4,5,2,2,4,3,3,2,2,2,1,4,3,2,3,4,3,2,4,3,2,3,4,3,4,4,2,5,4,3,2,2,4,2,3,3,3,2,2,4,3,2,2,4,2,4,23,2,3,3,2,4,2,4,4,4,2,4,3,2,4,2,5,4,2,4,1,4,4,3,2,2,4,2,2,3,4,2,2,5,2,2,3,2,4,4,3,3,2,2,1,2,4,2,2,2,2,4,4,3,3,2,1,4,1,3,2,4,3,1,1,23,0,10,10,7,5,1,2,5,8,8,2,2,3,3,3,3,3,3,3.3,4.3,3.9,3.1,2.8,2.7,3.9,3.8,3.2,3.2,3,2.714285714,6.571428571
13,5QL6BnErEWxwNA9m2JSuUhsDsJ52Ov9UFYidVVYaZfiJJAAinnxpU0dk4DdaKkqV,1,4,1,4,2,4,5,4,4,2,5,4,5,1,4,4,5,4,2,2,2,4,4,4,2,5,4,2,1,5,2,1,1,4,2,4,1,5,2,4,3,1,5,5,4,2,2,5,5,1,4,2,2,4,5,1,4,4,5,1,5,26,2,3,4,4,5,1,1,5,1,2,2,4,4,3,2,4,5,5,4,1,4,4,2,3,4,4,4,4,3,4,2,4,3,3,4,4,4,4,4,3,2,3,3,3,2,2,5,2,1,3,3,3,1,2,5,2,1,4,2,3,4,3,2,1,39,0,1,1,9,9,1,9,3,9,4,3,3,2,3,1,2,3,2.3,3.4,3.4,3.2,3.3,2.7,2.5,4,3.9,2.5,3.4,4.9,2.428571429,5.714285714
15,tXrRWtMpDfsC7EYz53ljt0p2POgm_BVT_SwM-UXZIrg5FVQil-oYk8CuM2_e9CQ0,2,5,1,2,5,2,1,4,5,1,5,4,2,4,4,1,5,2,2,4,5,2,4,4,2,2,3,2,4,5,1,5,4,2,2,1,2,4,1,4,2,1,1,5,5,2,4,5,4,1,4,1,1,1,5,1,1,2,4,1,1,23,2,3,5,2,5,5,5,2,5,3,2,4,2,5,1,1,5,5,4,3,4,4,4,2,2,5,2,2,5,5,5,4,1,2,5,3,1,2,5,2,4,2,1,1,5,4,5,1,5,2,5,4,4,1,5,1,4,2,4,1,5,4,1,1,22,2,6,30,9,9,1,1,8,9,5,2,2,4,3,2,4,5,3.1,3.5,3.5,3.8,1.4,2.5,3.2,4.9,2.7,2,2.9,3.3,2.571428571,7.714285714
23,ReJnndbCRx2vmLpA0mTNqHwZVCYCiSLST7t14Uta3jRvDQe_xkrk4JT9Utg2MVhn,4,4,5,4,4,5,4,4,4,2,4,1,2,3,5,5,5,4,1,2,2,5,4,1,2,3,4,4,1,5,2,4,2,5,2,4,4,4,4,4,5,4,5,5,4,4,2,4,2,2,2,4,3,2,4,2,4,2,2,4,1,24,2,2,2,1,3,2,5,2,2,5,2,4,3,2,3,3,4,2,5,2,4,4,1,2,4,4,2,3,5,3,1,1,4,4,1,1,5,4,3,2,5,2,2,2,2,1,1,3,1,3,3,4,2,2,3,1,3,2,2,4,4,2,1,1,27,3,0,36,9,9,8,1,2,5,9,5,3,3,3,3,1,2,4.4,2.7,3.4,4,3.8,3.4,4.1,3.6,3.9,3.7,3.1,3.5,3.142857143,5.857142857
24,alR81SyrgQfVV0MyiHYXdK-mYMIjqF_rx-haDLdGzdePvSjjs8GLL22bltRJZ8pK,3,3,2,4,4,5,2,2,2,2,3,1,2,3,4,4,4,2,3,3,2,4,3,2,2,2,3,2,2,4,1,2,2,4,2,3,4,2,3,3,3,2,2,3,4,2,2,4,2,4,2,3,2,2,5,4,2,4,2,2,1,30,2,5,2,1,4,2,4,4,4,5,2,4,4,3,2,1,3,4,3,2,4,3,4,2,2,3,1,3,5,4,2,4,4,2,1,5,2,4,4,2,4,2,2,2,2,1,1,2,4,2,4,4,4,2,4,2,4,2,4,1,4,4,2,1,31,0,0,0,9,9,3,1,8,9,9,4,4,4,2,3,4,2,4.2,2.7,4,3.6,2.6,2.3,4.3,3.7,3.5,2.8,2.9,2.5,3.857142857,8
32,D5bjwngSmVFhuFpCUKSS3cjqgKKiHauR7aIM9CnB_NmJA24St3rXvhjLuZv6MS5c,3,2,4,2,2,5,2,3,2,4,2,2,2,3,2,4,4,2,2,3,1,4,2,3,2,4,4,2,2,2,2,4,4,4,2,4,3,3,4,4,4,2,4,4,4,4,4,4,3,2,2,4,4,3,3,2,4,2,3,3,2,22,1,3,4,2,5,3,4,2,1,5,4,4,4,4,2,4,4,1,2,4,4,5,2,2,4,3,1,2,1,2,1,2,2,2,1,2,5,4,4,5,3,4,5,3,4,4,1,4,2,2,2,4,2,2,2,2,2,4,5,4,2,1,4,2,23,2,6,30,9,9,1,1,9,9,6,4,5,3,2,4,5,5,3.2,4.3,2.7,3.3,4.3,3.7,3.3,2.8,2.9,3.9,2.5,3.2,3.714285714,8
40,B5uyDA1-qMSduP327FtZGCjGGzECj6VSk_Q8ZIEyw2MLSXSNJUTZrjuDs3oMHD_m,4,5,2,4,4,4,2,4,1,4,4,1,1,2,3,3,3,2,3,2,2,3,3,3,2,1,3,3,3,4,3,4,1,5,2,3,4,3,4,4,3,2,4,4,1,3,2,5,4,4,3,5,1,2,3,4,1,4,2,3,1,40,1,5,4,2,5,4,3,2,3,3,2,3,3,3,2,4,3,2,3,2,4,3,3,3,3,4,2,3,2,5,2,3,1,2,1,4,4,2,4,5,4,1,2,2,4,4,2,1,2,1,2,4,2,3,2,1,4,4,2,1,3,2,2,2,38,0,7,7,9,8,1,1,9,9,9,3,3,3,2,3,4,3,3.3,3.8,3,3.4,3.3,1.8,3.3,3.7,3.1,3.6,4.2,2.2,3.285714286,8.285714286
47,hJx-PYU5h2-3uV6P5tdY8PUhYBJEgkXnLAj5qH5XxkFOJzCwGKeQUFFWYmxK0R4b,2,3,2,4,3,5,3,2,2,3,4,3,3,4,4,3,4,3,4,2,2,2,3,3,2,4,4,4,3,4,3,3,2,4,2,4,4,3,4,4,3,4,4,5,3,3,2,4,3,3,2,4,3,3,2,3,2,3,3,4,2,30,1,5,4,3,3,3,5,3,3,4,3,4,3,3,2,4,4,4,3,3,4,3,3,3,2,5,3,4,3,3,3,3,3,4,3,3,3,4,4,4,4,3,2,2,4,3,3,3,4,2,3,4,4,3,4,2,4,3,3,3,3,4,2,2,29,29,9,357,7,5,2,1,8,9,8,3,3,4,2,4,4,2,3.2,3.2,3.2,3.9,2.6,3.1,3.2,3.1,3,3.4,3,3.3,3.714285714,7.142857143
56,MjIbV6ccQa_u0niiE1V-bBn_zm2LJL8BsPQZ81-ZiKOQrPSW8xqM0zkLkK_fs-f4,2,5,4,4,2,4,2,2,4,4,3,2,2,2,4,4,4,3,3,2,4,4,4,4,2,3,4,4,3,2,4,4,3,4,1,4,3,3,4,4,3,2,4,4,2,2,3,5,2,4,3,3,4,2,4,4,3,2,1,2,1,29,2,4,4,2,2,3,3,2,3,2,2,4,3,4,2,4,2,2,4,4,4,4,4,3,3,4,2,3,5,2,1,2,4,3,2,2,4,3,4,4,4,4,2,4,2,2,2,5,2,4,4,4,1,2,2,2,4,3,4,4,2,4,2,1,30,0,6,6,9,7,2,2,7,8,8,4,3,3,3,2,3,2,3,3.4,3.6,3.3,3.7,3.6,3.3,3.4,2.7,3.1,3.4,2.7,3.142857143,7.285714286
64,htiRomgPEiB7TsfWcLPxR01l8waLEwlOgllG2WucsAsu9OxVu2iL0Osj2x9EGv8T,2,4,3,2,1,4,2,2,2,2,4,2,2,4,3,2,2,2,2,3,2,3,1,2,2,1,3,2,2,2,2,2,2,2,2,3,4,4,5,3,2,4,3,4,2,2,2,1,4,3,4,4,4,3,4,2,2,3,2,2,2,30,1,5,5,2,4,1,4,2,2,4,2,5,3,2,2,3,3,3,2,1,4,4,2,4,3,4,4,2,4,3,2,2,2,2,2,4,4,3,4,4,4,2,4,4,3,4,2,4,2,4,2,2,3,2,2,2,2,3,2,2,4,3,2,2,29,0,0,0,7,9,6,4,8,6,8,4,3,4,3,2,3,2,3.8,3.8,2.8,3.1,3.8,2.6,3.5,2.3,2.7,3,3.5,3.2,3.285714286,6.285714286
67,AmiN0esjqE9Maatr5ma8lE-l6vwEiGx2iG6281nOOz4lBO4Q_xVS_pGl0hYLgFiK,2,5,1,4,5,2,2,4,4,4,4,1,2,2,2,2,4,2,5,2,2,4,3,3,2,2,3,1,1,5,2,2,4,3,3,4,4,2,4,2,4,2,5,5,2,4,3,2,3,4,2,4,4,2,2,2,1,4,4,4,1,29,2,5,4,2,4,1,4,1,4,4,2,5,4,2,2,2,3,2,4,1,4,2,2,4,2,4,2,3,5,4,2,2,2,2,1,3,5,4,4,4,4,2,5,2,2,2,1,1,2,4,3,4,2,4,1,1,5,3,1,2,2,3,1,1,29,0,0,0,9,9,1,1,9,9,9,4,4,4,2,3,4,2,4.2,3.2,3.5,3.8,4.3,2.1,3.1,3.5,3.3,2.7,3.7,2.8,3.857142857,8.428571429
72,3r9BRJ7O0Po4jA_HVZ45Vq-Oo0w6kpygZbDcebfIU6ECqKyPbBTupFpaCpYlVUS5,4,2,5,3,3,3,3,2,2,2,2,1,4,3,4,4,4,3,2,2,1,4,2,1,2,2,3,4,2,3,4,2,2,4,2,3,4,1,3,3,4,3,3,4,3,5,4,5,2,5,4,5,4,3,3,1,4,2,1,2,1,24,1,3,4,2,2,3,5,2,3,3,4,4,2,4,4,4,2,2,4,3,4,4,1,3,2,4,2,3,2,1,2,4,2,2,2,3,3,5,5,2,2,4,1,2,4,2,1,2,2,3,4,4,4,3,3,2,4,2,2,3,2,4,1,2,21,0,2,2,6,7,2,2,6,7,5,4,3,4,3,4,3,3,3.5,3,3.5,3.7,3.2,3.3,3.7,3.2,3,4.1,3,3,3.428571429,6.142857143
74,PLhCFfog59lu3SkMWQqSvG6U2ruN8QTcY9S-eLzhrftng2Eb35WC8Ac1TUYXJBOk,2,5,1,2,3,5,3,3,1,2,4,2,5,4,2,5,3,1,2,4,3,2,2,3,2,2,3,1,2,4,2,5,2,4,3,2,2,1,4,4,4,2,4,4,2,2,4,3,3,2,1,4,5,2,5,5,2,2,2,2,1,28,2,5,4,1,5,1,3,4,4,2,2,4,4,3,2,5,3,2,4,2,4,3,3,4,1,5,2,4,4,5,2,2,3,2,2,3,5,4,4,2,5,2,2,2,2,1,3,1,2,2,5,4,4,3,2,2,4,4,2,1,2,3,1,1,27,0,0,0,6,6,6,1,6,6,6,4,3,3,3,1,2,3,3.5,3,4,3.9,3.7,1.9,3.4,3.5,2.9,3.2,3.2,2.9,2.714285714,5.571428571
83,x3g1Rosvc8ep6B0z6KG8ppdIWIltite38J9wE2jLq1EXjVk-UdXCu_-NOnUbRXof,2,5,2,4,5,5,1,2,5,4,4,4,2,4,4,1,5,2,2,2,4,4,4,5,2,3,4,1,2,5,5,5,2,5,1,4,3,1,4,4,5,2,5,5,4,3,2,5,2,5,5,4,5,2,5,2,1,2,2,4,2,30,2,5,2,2,5,2,4,2,4,4,4,5,4,4,2,4,2,4,5,1,4,5,5,5,2,4,1,5,5,5,5,5,5,2,2,5,1,2,5,2,5,2,1,2,2,1,2,1,4,2,1,5,2,4,4,1,5,4,5,1,5,2,1,1,35,35,0,420,9,9,7,1,6,9,9,4,3,4,2,2,4,4,3.2,3,4.1,3.5,2.1,1.6,2.8,4,2.8,2.8,3.5,2.6,3.285714286,7.142857143
85,4HOLHhd5xRUnx5BkY4XgPBW_RWlx67tXvvIc6babe4KOIJFtSR-DLWt36_9EeZo4,2,5,4,4,4,4,3,4,2,2,4,2,2,2,1,3,5,2,2,1,3,4,2,2,2,4,3,2,3,4,2,2,1,4,2,2,3,2,4,4,2,1,3,4,2,4,2,4,2,4,2,4,4,1,5,2,1,2,2,2,2,23,2,3,2,3,3,2,4,4,2,3,3,4,4,4,1,3,4,4,2,2,4,3,3,2,3,2,2,4,4,2,2,4,4,2,2,2,2,2,4,2,2,2,2,2,2,2,3,2,4,2,3,5,3,3,2,2,4,2,2,4,2,2,2,1,23,6,3,75,7,5,2,2,6,7,7,3,3,4,3,3,3,3,3.2,3.1,3.9,3,3.1,3.3,3.7,4.1,3,3.8,4.1,3.3,3.142857143,6.285714286
87,F0TQbwlX3buYgAnnPBeNMyp78rZHYZlg6YhPYEQIHJdjmHOq5RC0BggZ2F3pmbBz,4,4,2,4,5,2,2,2,4,2,4,5,1,4,2,5,5,1,4,5,3,5,2,1,2,5,4,4,1,5,4,3,2,4,4,4,2,2,2,2,4,2,5,2,4,5,2,2,5,4,2,5,2,1,5,2,4,4,2,2,4,22,2,3,1,4,1,1,5,5,2,2,2,5,4,4,5,2,5,1,5,1,4,2,2,5,2,4,2,5,3,2,1,2,5,3,3,4,5,5,5,2,2,3,2,1,1,1,2,2,1,1,3,1,1,2,1,1,5,1,1,3,2,5,1,1,26,2,2,26,9,9,3,1,9,9,9,5,5,4,3,4,4,2,3,1.7,4.6,4.7,4.3,3.1,2.2,3.8,4.1,3.3,2.3,2.5,4.142857143,8.142857143
88,kzQbvpV6R19F7DDzMIfEv4D4gyqlJ4yXRV3-5BvI-1no1h4trmI2d66z7fvcu_ja,1,5,2,4,5,5,5,3,2,1,3,3,5,1,2,3,5,2,5,2,2,4,2,3,2,5,2,5,2,5,2,5,2,4,2,4,1,3,5,4,4,1,4,5,4,2,2,4,3,5,2,4,3,2,5,1,3,3,4,2,2,23,2,3,4,4,4,4,4,2,4,4,4,2,4,3,5,4,5,5,1,4,4,3,3,2,2,5,3,5,4,2,1,3,3,2,2,2,5,3,3,1,2,5,2,2,3,1,2,1,4,4,4,2,2,2,4,4,5,3,4,5,4,4,2,1,23,3,3,39,9,5,1,1,9,8,8,5,4,4,3,3,3,2,2.9,2.2,3.2,3.2,2.5,3.8,3.2,3.9,3.7,3.6,3.7,3.6,3.714285714,7.571428571
89,8EpbvBQ_wmolhH9TGMWSEI9JK5YEXwVdKvb2SNO7nY_QyrXDKZe37FeLYElSQWQU,1,5,2,4,3,4,2,4,3,2,4,1,2,2,4,3,3,4,2,2,2,3,4,4,2,5,4,2,2,4,4,3,2,3,2,3,2,3,5,4,4,3,4,5,3,2,2,4,4,2,4,4,3,2,2,1,2,2,4,3,1,22,2,3,2,4,3,3,2,4,2,2,4,3,4,4,4,4,3,2,3,4,4,4,5,1,5,2,3,4,2,2,3,3,4,3,3,2,4,2,4,2,2,4,3,4,1,2,4,4,4,2,2,4,2,3,2,3,3,1,5,4,2,2,2,1,21,0,0,0,5,5,6,5,4,6,6,3,2,2,4,1,2,4,1.9,2.6,3.5,2.7,3.5,3.8,3,3.5,3.5,3,3.9,3.8,2,4.428571429
91,7qE5zK6WQy6inU3zCbKeO7VLJUHRSrEs9biTKnLyWj8hHQP8LHg3JKBuFvW_LgAV,2,4,4,5,4,4,3,2,2,4,4,1,2,2,2,4,5,2,4,2,1,5,4,2,2,2,3,3,2,5,4,4,2,5,2,2,5,3,5,4,2,2,5,5,2,4,2,5,4,2,3,5,2,2,5,4,2,3,2,3,1,23,2,3,4,3,3,2,4,2,2,3,3,4,3,2,3,2,4,2,4,2,4,4,3,4,3,2,2,3,4,3,3,2,2,2,2,3,4,2,5,2,3,2,2,3,3,4,3,2,2,3,3,5,2,4,2,2,4,2,4,4,3,2,2,1,23,2,11,35,4,4,2,6,3,3,3,4,3,3,2,2,2,4,3.1,3.5,3.3,3.1,3.5,2.8,3.5,4.2,3.4,4.1,3.7,2.9,2.857142857,3.571428571
101,_14w_OEZbtfVsI6qyaTjcWhQsS__THPZz6gOw478l9gONNKbDAScngigtV4PiPyW,1,3,3,4,5,2,5,5,2,3,4,1,4,3,4,2,5,2,2,2,2,4,2,2,2,5,4,4,2,5,5,4,2,5,4,2,3,4,4,4,3,2,1,5,3,3,2,2,4,2,4,5,2,4,2,4,2,4,3,2,1,24,2,3,4,4,2,2,2,4,5,4,5,5,4,5,4,3,5,4,2,2,4,3,5,2,4,2,1,5,2,2,4,4,4,4,1,2,4,4,4,4,2,5,2,1,2,2,1,5,2,2,2,4,1,2,4,2,4,2,4,2,4,5,1,1,24,5,4,64,9,9,1,1,9,9,9,3,3,3,3,3,4,2,2.7,2.5,4.1,3.4,3.1,4.2,3.1,3.7,3.5,3.6,3.6,4,3.285714286,8.428571429
103,dRmMozC2Lj0LWjnmF8hP1oVkIN2oQawfsFl1ApdjEH4hyC4Pd98ldObhlAEVMVqe,4,4,4,3,1,5,3,4,2,2,4,1,2,2,5,4,5,4,4,2,2,3,5,3,2,1,4,4,4,2,3,2,2,4,2,2,5,4,3,4,2,1,4,5,4,3,2,4,4,4,2,5,4,2,5,3,2,3,4,1,2,23,2,3,4,4,4,2,3,4,1,2,4,4,4,4,2,4,4,4,2,2,4,4,4,4,3,2,4,2,2,5,4,4,5,3,4,4,2,3,4,2,3,4,5,2,1,4,4,3,4,5,5,3,4,2,2,2,2,2,4,1,4,2,2,1,24,1,1,13,7,9,1,7,3,6,8,3,2,2,2,2,4,4,2.3,3.5,3.9,2.7,3,2.7,3.8,3.9,3,3.6,3.3,2.8,2.714285714,5.857142857
104,7bEThfEoiwYlMM5FK7xWEZkVP4yQZsI_yFwyLB7KRHHPrTZaWQUNj9w671e1jjOK,2,5,2,1,2,2,4,5,2,2,5,4,2,2,2,5,5,2,2,2,4,5,5,2,2,4,5,1,2,5,4,5,2,4,4,2,2,5,5,2,2,1,5,5,1,2,1,5,2,4,5,2,2,2,5,2,2,2,2,1,2,24,2,3,5,3,5,2,5,2,4,2,2,2,4,2,2,5,4,5,4,2,4,4,2,2,2,5,1,4,5,4,4,1,2,2,2,2,2,4,5,4,2,2,1,2,2,2,4,5,5,2,5,4,4,5,5,1,5,4,2,4,4,4,2,1,23,0,11,11,9,9,1,1,9,9,9,4,4,5,2,4,4,3,3.1,3.5,3.8,4.4,1.8,2.9,2.8,4.5,3.6,2.7,4.2,3.5,4,8.428571429
109,3hwyZZaAED26PG668GcAmopOvNOZmfhdSBKUUq0U7k4WSiUz2JN1L2ZWe8yJQZAE,1,5,1,4,4,3,3,4,4,2,5,1,3,3,3,4,4,3,5,2,1,3,2,4,2,5,2,2,2,4,4,1,2,2,5,1,4,3,4,4,4,3,2,5,2,4,4,5,3,2,3,2,4,2,5,3,2,4,3,2,1,22,2,2,4,3,2,5,4,2,2,1,5,2,4,4,1,4,4,4,4,4,4,5,3,4,2,4,5,2,2,3,3,4,2,1,4,4,1,3,2,4,2,3,1,2,4,4,4,3,4,2,4,5,3,3,3,1,4,4,2,1,4,4,4,2,23,0,6,6,6,5,3,7,4,4,5,2,2,2,2,2,2,4,2.4,4.4,2.5,3.8,1.9,3,3.6,4,3.5,2.7,3.9,3.7,2.285714286,4.285714286
125,7sl1OH3xVper-Du0Jf764N0mTjURg8oYJtidP4YVF9_F9vxxRusIdYIRT3ni8YIn,2,3,2,2,4,4,2,3,1,4,4,2,3,4,4,5,4,1,4,3,4,4,4,2,2,3,3,3,2,5,2,4,2,4,3,2,5,3,3,2,3,2,4,3,4,2,3,4,2,2,1,3,2,1,4,3,4,2,2,3,1,21,2,3,4,2,2,2,3,2,3,4,2,3,3,2,2,4,3,2,1,1,4,3,1,3,3,4,1,4,5,2,2,2,3,2,1,4,4,4,3,4,4,2,3,2,4,2,1,2,2,3,4,4,2,2,3,2,4,3,2,2,3,4,2,1,21,2,0,24,9,7,1,1,8,9,7,4,4,4,2,4,4,3,4,3.3,3.4,3.4,3.5,2.8,3.7,4.1,3.2,2.9,2.6,2.9,3.857142857,7.714285714
132,g1sdKDvrZcCYr_qWLICKbCDmTOjeBK6gxu_PnWfFl_40FW33icgpuWPgRJbiQ7sa,1,5,3,5,5,5,1,4,1,2,2,1,3,2,3,2,4,2,5,2,1,5,1,3,2,1,2,4,1,5,2,5,2,5,2,3,3,4,5,5,4,4,5,5,2,5,1,4,2,1,2,5,1,1,5,5,4,2,3,4,1,22,2,3,2,2,2,2,4,4,4,4,2,5,2,3,2,4,3,4,2,1,4,5,4,4,4,4,1,2,3,5,5,3,4,2,1,5,5,3,5,2,5,1,2,2,2,4,1,1,2,2,2,4,1,5,2,4,4,3,2,1,4,4,1,1,23,1,6,18,9,9,1,1,9,9,9,5,5,5,1,5,5,2,3.5,3.4,4.1,3.2,3.3,1.7,3.7,3.3,4,4.4,3.8,2.7,4.857142857,8.428571429
153,JDYg0luUwr-cf00fxHV6NLXAaeWPpya9nAGdOGhMbNACHVkdmwHOJYn4SXCoSiOV,1,4,2,5,2,5,1,2,3,2,1,5,5,2,1,5,4,1,2,2,3,5,2,2,2,1,2,2,1,5,1,2,2,4,3,2,5,4,3,2,4,1,4,4,2,2,1,5,2,1,2,4,1,2,4,3,2,2,3,2,3,27,2,5,4,1,4,1,4,2,2,4,2,5,3,2,1,5,4,4,2,1,4,5,3,2,2,5,3,2,5,2,2,2,2,2,5,3,2,2,4,1,5,2,1,2,4,4,5,2,3,2,4,4,1,2,4,4,4,2,3,3,4,2,3,1,26,4,2,50,9,1,1,1,9,9,5,3,3,4,2,4,4,2,2.9,3.7,3.1,3.2,2.8,3,3.4,3.6,4.4,3.1,3.5,3.6,3.714285714,6.714285714
154,zwUtfk92FXX_1itVOtjHRqZeulqWYZKM1rT-X6t8_bItKtgr_soR0Abklk_oGICJ,3,4,3,4,4,2,2,2,3,4,4,2,2,4,3,2,4,3,4,2,3,3,4,4,2,3,4,3,2,5,3,4,3,3,3,3,2,2,2,4,2,2,3,3,2,3,3,3,4,5,3,4,2,2,2,4,3,4,4,1,3,25,2,4,4,3,4,2,4,3,2,2,3,4,3,4,2,2,3,2,2,2,4,4,4,1,2,3,2,2,3,3,2,3,4,2,2,2,4,3,4,4,2,4,3,2,2,4,3,4,2,2,3,4,2,2,2,2,4,4,4,4,2,3,2,1,27,5,6,66,9,8,2,2,8,9,8,4,4,4,2,3,3,3,2.7,4,3.8,3.3,3.7,3.6,2.6,4,3.1,3.1,2.9,2.2,3.571428571,7.714285714
158,#NAME?,2,5,4,4,5,4,5,4,2,4,2,5,3,2,2,3,5,2,4,2,1,5,4,3,2,5,4,2,2,5,4,2,2,5,2,4,5,3,5,5,2,2,5,5,4,4,2,5,2,2,4,4,1,4,4,2,2,4,3,1,1,21,2,3,3,3,4,2,4,4,2,4,2,5,4,4,2,4,4,3,4,4,4,4,3,2,4,4,5,4,4,4,2,2,3,1,1,4,4,4,4,4,4,3,5,2,2,5,3,2,4,4,3,5,2,4,2,3,4,2,5,4,4,4,3,1,21,1,10,22,9,9,3,5,7,7,8,3,2,2,3,3,4,3,3.1,3.8,3.2,3.7,3.7,2.7,3.1,3.9,3.4,3.9,3.8,3.9,2.857142857,6.857142857
170,fo76-ZZORcFWsjAktTNaUFxCHfiLSu12MG2vrimL9Uh9svy1qslLHIVYtvhDQ9ND,2,4,4,4,1,4,5,3,4,2,4,2,4,3,4,2,4,4,4,4,2,4,5,2,2,4,4,2,1,5,2,2,2,5,4,4,4,3,4,4,4,2,4,4,2,2,2,2,1,4,3,2,2,2,5,1,4,2,2,4,2,21,2,3,5,2,4,3,4,5,5,3,3,2,2,4,2,2,4,4,5,2,4,4,2,4,1,2,2,2,5,4,4,2,4,4,3,3,2,4,4,5,4,1,1,1,1,4,3,4,4,2,5,4,4,5,4,1,5,2,3,2,5,4,1,1,21,2,6,30,6,4,3,3,4,5,5,3,2,2,1,3,3,3,3.7,3.5,4.5,3.9,1.8,2.4,4,3.3,3.7,3.1,3.1,3.7,3,4.857142857
176,k0UOvj_Dqqv_U6gN560pYozLsVbEujIH_6dOWCe1uI2We0-Hy63mPDSGHDHBP-bD,2,4,4,5,5,3,4,3,2,2,4,1,4,2,4,4,4,2,4,2,1,5,3,3,2,5,4,4,1,4,2,2,2,4,2,4,2,4,4,4,3,2,3,5,3,2,1,4,4,5,3,5,2,2,4,2,2,2,3,2,1,22,2,3,2,3,4,2,4,5,4,2,4,3,4,5,4,1,5,2,4,1,4,4,2,2,2,4,1,4,3,4,2,3,3,2,3,4,4,5,5,3,2,2,2,2,2,2,1,1,4,2,4,3,4,2,1,3,5,3,2,2,4,4,1,1,27,4,3,51,9,5,1,1,9,9,9,4,5,5,2,4,4,2,3.5,2.7,4.6,3.9,3.2,2.8,3.3,3.8,4,3.8,3.5,3.7,4.285714286,7.857142857
189,ZIVZNhYduQ-K74fUxfyEd3YKHYHykwqj-h19rFx8YHBdzBIFrfp0wBhu15g6YCde,3,5,2,4,4,2,4,2,2,4,4,2,4,3,4,4,5,1,4,3,2,4,3,3,2,5,4,2,2,4,4,2,2,4,2,2,3,2,3,3,2,2,4,4,3,3,3,4,4,3,2,2,4,2,3,4,2,4,2,3,2,23,2,3,3,4,4,2,4,4,4,3,2,4,4,3,4,2,4,4,4,2,4,5,2,4,2,4,2,4,3,4,4,3,2,3,2,3,2,4,3,3,2,2,2,2,3,2,2,2,2,4,4,4,3,3,4,2,4,2,3,4,3,4,2,1,23,3,1,37,8,8,5,2,8,9,9,4,4,4,2,4,3,2,3.2,2.8,3.5,3.7,2.7,2.6,2.6,3.9,2.9,2.8,3.1,3.3,3.857142857,7.285714286
192,YbjHVYQhapBFntjbmlAnz8Kw1Q02xbTygQAeKlrEsiyyyT0bvTTBlhTlsUom78vw,3,3,2,2,3,4,2,3,1,5,5,2,3,3,3,3,2,3,3,3,3,2,3,2,2,2,4,3,3,4,2,5,4,3,1,2,3,4,3,2,1,3,4,3,4,3,4,4,1,4,2,4,4,2,3,3,3,2,1,2,2,23,2,3,4,3,4,1,3,3,4,3,3,2,3,3,3,4,3,3,4,3,4,3,1,3,1,4,1,2,3,5,3,3,2,4,3,5,2,4,5,3,3,1,1,2,3,2,3,3,4,2,3,3,1,4,3,1,5,2,2,1,2,3,2,1,24,1,2,14,9,6,2,1,7,8,7,3,2,3,1,3,4,2,3,2.8,3.6,3.7,2.6,2,3.6,3.6,1.8,3.2,2.6,2.6,3.428571429,7.142857143
199,ymeYPzuqgzs59wNxguB5NBnU4Vx0oJAYRlLEW5Xg3ue1wC7CpcUXBw_Y4Jopj7PO,4,5,2,4,4,4,2,4,2,2,4,2,2,1,4,2,5,2,2,2,2,4,4,4,2,2,4,2,2,4,2,4,2,4,2,2,4,4,4,4,2,2,4,4,2,2,2,4,4,4,5,4,2,2,4,2,2,4,2,2,2,24,2,3,4,2,2,2,4,2,2,4,4,4,4,2,4,4,4,2,4,2,4,4,2,2,2,4,2,4,4,2,2,2,1,2,2,2,4,4,4,4,4,2,4,2,5,2,2,4,4,4,2,2,2,2,2,2,4,2,2,2,4,4,2,1,25,5,6,66,8,8,3,7,4,6,7,4,3,3,3,2,2,3,3.6,3,2.8,3.8,3.4,3.6,3.2,4.1,3.2,3,4.1,2.8,2.857142857,5.571428571
200,46-1dPArNHuhuNwL7NvihFaA8kYf_a6ZZaCxtUf1hYrM2wmpzff4hZF757nQxieD,1,5,3,4,4,3,3,4,3,3,4,1,4,1,2,4,4,3,2,2,2,4,4,3,2,5,2,2,2,4,2,2,2,4,3,2,5,5,5,3,4,2,3,5,2,4,2,4,2,1,4,5,3,2,4,2,2,3,2,2,1,22,2,3,2,4,2,3,4,5,4,2,4,5,4,4,2,2,4,3,3,2,4,4,4,2,2,3,1,4,2,2,4,3,4,4,2,3,3,4,3,3,3,4,2,2,1,2,1,4,2,2,4,4,3,2,2,1,4,4,2,3,2,2,1,1,25,0,11,11,9,9,5,1,9,9,9,4,4,4,1,4,4,2,3.1,2.9,4.3,3.6,3.2,3.8,3.9,4,3.5,3.5,4.3,4.4,4.142857143,7.857142857
206,PJX_4Fw4CpkTVZLYBAQvhI061J5X39xhXGCh_F5EeYhUP9Ye1CFXn4y99sFVpAJZ,5,5,2,2,5,5,3,4,4,2,5,2,2,2,2,2,5,2,2,2,3,2,2,3,2,5,5,1,2,5,2,5,2,4,2,2,3,3,4,4,2,2,4,5,4,1,4,4,2,5,4,4,4,1,4,2,2,4,3,2,2,22,2,3,3,2,5,3,2,4,5,3,4,1,3,4,2,4,3,3,2,2,4,3,4,2,2,2,4,2,3,5,4,4,4,2,2,3,2,2,5,3,3,1,2,5,2,4,3,2,2,2,3,3,1,3,5,2,2,1,3,1,4,2,1,1,22,1,1,13,9,9,1,9,9,1,1,4,4,5,1,4,5,3,2.8,3,3.7,2.4,2.2,2.3,3.5,4.3,2.5,2.7,3.6,2.9,4.285714286,5
207,FgTXCndPFx-1yLrUkk6tvctci1FlFJdR2z0pejPsYRDKSMZr5Xw0-EwVsjzWmcmL,2,4,1,4,4,5,3,2,5,2,3,5,4,2,3,2,4,2,4,2,2,5,2,4,2,3,2,2,2,5,2,2,2,3,2,2,5,4,4,4,2,5,4,4,2,2,2,5,2,4,4,4,3,4,4,2,1,4,4,2,2,25,2,3,3,2,2,4,4,2,4,3,4,5,3,4,2,5,3,2,5,2,4,4,2,2,3,3,1,4,4,3,4,4,4,4,2,4,4,5,5,3,3,3,2,3,2,2,2,3,4,4,4,4,2,3,2,2,4,2,4,2,2,2,1,1,24,3,5,41,9,9,1,1,9,9,9,4,4,3,2,3,4,2,3.1,2.8,4.1,3.3,3.2,3.1,3.3,3.4,3.4,2.6,3.9,3.4,3.714285714,8.428571429
216,1R2Qt20tjq9KBRPpjA6g6wnuxa06-f23usi8PpdFfIhWFJBaC8x-LCDXTO01pTxs,3,3,2,2,5,5,2,2,3,4,4,4,1,4,4,3,4,2,3,4,2,4,3,2,2,2,4,2,3,4,4,4,4,3,2,4,5,2,3,3,2,3,4,3,3,2,3,5,2,5,2,4,4,2,5,4,4,4,2,2,2,31,2,5,4,3,2,2,4,4,2,5,4,3,4,5,2,3,4,2,4,3,4,4,4,4,4,4,3,4,4,2,2,4,4,3,2,3,4,4,3,4,4,3,3,3,2,4,2,4,2,4,3,4,2,3,2,4,4,2,4,3,3,2,1,1,29,0,0,0,9,9,1,1,8,9,1,3,3,4,3,2,4,3,3.3,3.5,3.8,3.1,3.7,3.4,3.5,3.8,2.5,2.7,2.3,2.1,3.142857143,7.142857143
220,ANSWI5EfwYdDySyMhE029R_i7e_fASy5Mc8PKd2IjzElrXmTxkDuRl6NKIqkqFOs,2,4,4,2,5,4,5,3,2,4,4,3,3,4,2,2,3,4,3,5,2,4,4,3,2,5,4,4,4,5,4,3,2,5,3,2,4,3,3,4,3,4,4,4,4,3,4,5,3,4,2,5,4,4,4,2,2,2,2,2,2,22,2,3,4,2,4,3,2,4,3,4,4,4,4,4,3,4,5,4,2,3,4,5,5,2,4,2,3,2,4,3,2,4,4,3,4,1,4,2,2,4,4,4,2,4,2,4,4,5,5,5,4,5,1,4,2,5,4,4,5,5,4,2,4,1,23,0,7,7,3,4,2,5,2,3,3,3,1,2,4,1,2,3,2.5,3.9,3.4,2,3,3.9,3.3,3.8,2.4,4.1,2.7,3.6,2,3.428571429
222,w_ap4uEiCamXGAnVjj21T-g8dV-TZLAvfGSxLn4UMHNzjWOonQ_5pZZI99BmVZs2,2,4,2,5,3,4,3,2,3,2,4,1,3,2,4,5,5,2,3,2,2,5,2,2,2,5,4,3,1,4,1,5,3,4,4,3,5,3,3,4,4,2,4,3,2,3,2,2,2,2,1,4,2,2,4,2,4,4,4,1,1,21,2,3,3,2,3,4,4,2,4,5,3,2,3,2,2,5,3,4,4,2,4,4,3,2,2,4,2,2,4,4,3,2,3,3,1,2,2,4,4,2,5,3,2,2,2,4,1,5,4,2,4,4,2,3,4,1,4,3,4,4,3,4,1,1,19,0,3,3,9,9,2,1,5,9,9,2,3,3,1,3,4,4,3.6,3.3,3.6,4,2.2,3.4,4,3.6,4.4,3.1,2.9,3.3,3.142857143,7.714285714
224,ng4n1i_2Dv1067Ak7DRxusIeJAuWwAPweZ6IkeVa5hzCXjXf-yvhSIcIUzfAksKp,2,4,5,5,5,5,2,2,1,4,4,5,1,1,3,2,4,5,2,5,1,5,1,2,2,1,4,5,2,5,1,2,1,5,4,2,5,2,4,4,1,2,5,2,2,5,2,5,1,2,3,4,1,2,5,5,4,4,1,4,1,24,2,3,2,4,5,2,2,4,2,4,4,2,4,3,2,3,1,2,2,2,4,4,2,4,2,2,2,4,2,5,5,5,2,3,2,5,2,2,5,2,2,1,4,2,2,4,5,1,4,5,4,4,2,5,2,4,4,1,2,1,3,2,2,1,22,0,0,0,9,7,5,2,9,9,7,5,3,4,2,1,4,2,2.8,3,3.8,2.2,2.8,1.4,4.1,3.8,3.3,4.3,3.2,2.5,3.571428571,7.142857143
233,50pZ68gXqU8gkG4cXOamkBbklo8ixPKtcYxxzlAvHNj73EnUy8n2gcmg7-5leTcb,2,3,2,3,4,5,2,2,5,2,3,4,4,2,5,2,4,2,3,4,2,4,4,2,2,2,2,2,2,5,2,2,2,2,4,4,4,5,4,3,2,2,4,4,4,2,2,5,1,2,4,2,2,2,5,4,3,2,2,2,1,23,2,3,4,2,2,1,5,2,3,4,2,4,4,2,2,4,4,2,2,2,4,4,1,5,4,4,2,2,4,5,2,4,3,2,3,5,4,4,4,3,3,2,4,3,2,2,3,1,2,3,3,4,2,4,2,1,4,5,2,1,2,4,2,1,24,5,4,64,9,9,1,1,9,9,9,3,3,3,2,3,4,3,3.4,3.7,3.4,3.6,4.1,1.9,3.8,3.9,3.3,2.3,3.2,3.4,3.285714286,8.428571429
243,BA0OSBW2LLUsW4qRPQAUkkB0lCKnOWYAvldIcpNudX8HeTQ-ByBkFnLLM9lMFAn1,2,5,2,4,2,5,3,4,2,2,4,1,4,2,4,4,4,2,2,4,2,4,4,2,2,3,4,4,2,4,2,2,2,5,4,4,5,4,4,2,4,2,1,5,4,2,2,4,1,4,1,4,2,2,5,1,2,2,4,4,1,30,2,5,1,1,4,1,4,3,2,5,4,5,5,2,2,1,4,2,4,2,4,3,2,4,3,4,2,4,5,3,1,2,3,5,1,3,4,5,4,1,5,1,3,1,2,2,1,3,2,1,5,4,5,5,1,2,4,2,2,3,2,5,1,1,30,0,0,0,9,9,1,1,9,9,9,3,3,4,3,2,4,2,4.8,2.4,3.8,4.5,4.2,2.6,4.5,3.4,4,3.3,3.2,3.8,3.285714286,8.428571429
246,BiKumQuq_tUi6g3GCUW-Flymd7Jp0w8LT8KqyrcSDUOYlGh8pMuvdMN6ckd1FkLI,5,3,4,2,3,3,3,3,5,3,4,1,1,1,5,2,4,3,2,3,1,4,3,4,2,4,4,3,3,5,4,4,2,5,1,1,5,5,5,4,1,4,5,4,2,5,4,5,3,2,5,5,5,4,5,3,4,2,1,2,1,22,2,3,4,4,5,5,4,5,2,5,5,3,4,5,4,5,5,5,1,3,4,1,4,1,3,1,1,3,4,5,5,4,5,4,3,5,4,3,1,4,1,1,1,1,2,5,5,1,4,5,3,1,1,5,4,4,4,1,5,1,1,2,1,1,23,2,1,25,9,9,1,9,5,9,9,3,2,1,5,1,5,4,2.1,2.7,4,2.5,2.3,2.2,3.4,3.7,2,3.7,3.6,3.1,2.142857143,6.714285714
248,6E2BS353vBmidPydvaxn4EKMLfkER9gt3mXMoH-Pac2plwjE8vL94e1Uv3BNT5Hy,3,4,2,4,5,4,2,2,4,4,4,4,2,2,4,2,4,2,2,2,2,4,5,2,2,4,4,4,3,4,2,4,2,2,2,2,3,2,4,3,2,2,2,4,1,3,2,5,2,2,3,4,2,2,4,3,2,4,2,2,2,25,2,3,4,2,4,4,4,3,4,3,2,4,3,4,2,2,4,4,2,2,4,4,2,2,2,4,2,4,2,4,4,4,2,2,2,4,4,4,4,4,2,2,2,2,3,4,2,2,4,4,4,4,2,4,4,4,4,4,2,2,4,4,2,1,28,0,9,9,8,9,1,5,7,6,5,3,3,3,3,3,4,4,3.3,3.6,3.6,3.1,2.4,2.4,3.5,4.3,2.9,2.8,3.6,3,3,6.428571429
265,hMkskYIPAOImRwzR5eBvuHEo2UXa2fHAjeWGHus_iEoVaa6cWWbTKziUkTYtT3Mb,4,5,2,4,4,3,3,4,4,3,5,2,3,2,4,2,5,1,2,2,3,4,4,3,2,3,4,4,2,5,3,3,2,3,2,2,2,2,3,4,4,2,4,5,4,2,4,4,2,5,2,2,5,3,2,4,2,4,3,1,1,23,2,3,4,2,3,2,4,3,2,2,2,2,2,2,2,4,5,2,4,3,4,2,2,4,2,3,2,4,2,4,2,2,2,2,2,4,5,2,4,2,4,4,2,2,4,2,2,2,2,4,3,4,2,4,4,2,4,3,2,2,4,2,2,1,22,1,6,18,9,7,2,2,9,9,9,4,3,3,2,3,2,2,3.2,3.1,3.1,3.1,3.1,2.6,2.9,4.3,2.9,2.6,3.4,2.8,3.285714286,7.857142857
270,Nk51MGsprB_BMwXoTj18E4teD_ta63NXbYQrsm-dBqTb_7SHO8bcsCfycIV90tq8,2,3,4,3,4,4,4,4,2,3,2,1,4,4,5,2,4,2,2,2,1,3,2,2,2,4,4,2,2,3,3,3,2,4,2,2,4,3,4,4,2,2,2,5,4,3,2,4,3,2,2,4,2,3,3,2,4,2,2,2,1,24,2,3,4,1,2,1,4,1,2,4,4,5,5,2,4,3,5,2,2,4,4,3,2,4,5,4,2,4,5,1,1,3,4,4,2,2,5,4,2,3,5,5,5,4,2,2,1,2,2,3,2,4,4,5,1,1,3,2,4,3,2,3,3,2,23,0,9,9,9,9,1,1,9,9,9,3,4,4,2,4,5,4,4.1,2.8,2.7,3.5,4.7,3.5,3.7,3.4,2.9,3.5,2.9,3.9,3.714285714,8.428571429
282,mIp9gqTiNNKdhhxxjz6-tKZKWKc6g4XskvA2e4BsYPDfc9WSyoYTBAHxbR4hgSUZ,2,5,2,4,4,2,2,3,3,2,3,1,4,2,4,5,5,2,5,2,3,4,5,3,2,4,4,3,2,4,4,5,2,4,4,2,3,3,3,3,4,2,3,4,3,3,2,5,4,2,3,2,5,2,3,5,2,3,4,2,1,22,2,3,2,2,2,1,4,3,2,5,4,4,4,3,2,2,4,2,4,2,4,5,2,3,3,4,3,4,5,2,2,3,3,2,1,1,5,4,4,2,5,4,2,2,2,2,1,5,2,3,3,3,3,5,2,2,5,3,3,5,3,4,2,1,23,0,3,3,7,9,4,4,8,9,9,4,3,3,2,3,3,3,4.3,3.1,3.6,3.8,3.8,3.9,3,4.2,3.8,2.8,3.5,2.8,3.285714286,7.142857143
285,LMraXtDZbMX5-dN_Py_zT9ANQ967wbrms6FNFesnW9MB20B6dlE9hn6mvNOaFOnt,1,5,1,4,3,3,2,3,3,2,3,1,5,2,3,2,4,2,2,2,4,4,4,3,2,5,4,2,2,5,3,2,1,4,3,2,4,5,3,3,2,2,2,4,2,2,2,5,3,2,3,2,2,2,5,2,2,3,2,2,1,23,2,3,3,4,3,3,4,2,4,3,2,3,3,3,4,4,3,4,3,3,4,4,4,3,2,3,4,3,5,2,4,3,4,2,3,4,1,1,5,1,3,4,2,3,2,4,3,1,5,3,2,4,1,4,5,1,3,3,4,1,5,2,2,1,24,5,1,61,9,9,1,1,9,9,8,3,3,2,3,3,4,3,2.6,3,3.2,3,1.8,2.5,3.7,4,3.3,2.5,3.7,4.2,3,8.285714286
291,YTCZhFbgignEKHvsEjfVRILzIbFDIZT-QL_tWx3T_xwXzC0a3vIt3r6L54lr6XTM,1,2,2,4,4,4,4,2,1,2,4,2,3,2,1,3,5,2,1,4,1,4,4,2,2,5,5,3,2,5,3,2,2,5,4,2,4,2,3,3,5,2,5,5,3,3,3,5,2,4,2,4,4,1,2,1,4,3,4,2,4,22,2,3,4,3,2,1,4,4,3,3,2,3,4,5,2,5,5,1,4,2,4,4,3,5,2,4,4,2,5,2,2,2,2,1,4,2,3,4,4,2,4,4,1,1,1,2,2,1,4,1,2,5,2,2,4,1,4,4,1,3,3,4,1,1,22,4,1,49,7,6,1,3,8,7,7,3,3,3,3,3,3,2,3.2,3.7,3.7,4.3,3,3.2,3,4.4,3.7,3.8,2.5,4,3.142857143,6.714285714
299,KNEgBQG13NsFLpH4RbFBhC0nTeUhtylyWLOsB5t3yQC_F3I1ROh5Vcjggdhtqdyh,2,5,2,4,4,3,1,3,2,2,4,2,5,2,3,4,4,2,3,4,2,3,4,4,2,5,3,1,2,5,3,3,2,4,4,2,2,5,4,3,4,2,3,5,4,3,3,5,4,4,2,2,3,2,3,1,3,4,3,1,2,25,2,4,5,4,5,3,5,2,5,2,2,4,4,3,2,3,3,5,4,3,4,3,2,5,2,5,2,3,3,5,4,4,2,3,3,4,1,3,4,3,3,1,2,1,3,3,3,1,5,2,4,5,2,5,4,1,4,2,3,2,5,4,2,1,30,2,10,34,9,9,1,5,8,9,9,3,3,3,2,3,4,3,2.8,3.2,3.3,4.1,1.9,1.5,2.8,4.3,3.6,2.8,3.2,3.8,3.285714286,7.714285714
308,L7LqDfEkEao7VFpy4q-HtAYuElXpfY1s0HvRfg5oBMpT8q0uP1kZ99V5U0x6PVkW,3,2,3,2,3,2,2,2,2,4,4,2,3,3,2,3,4,3,2,3,3,3,3,2,2,3,3,3,4,4,2,3,2,3,3,3,3,2,3,2,3,2,3,3,4,3,3,4,2,3,2,3,3,2,3,4,3,3,1,3,2,22,2,3,3,2,2,2,3,3,3,2,2,4,4,3,2,2,3,2,3,2,4,3,2,4,3,4,2,4,4,2,2,4,4,2,2,3,5,4,3,2,4,3,4,2,2,2,2,2,2,2,4,4,4,4,2,2,3,2,2,3,2,4,2,1,22,2,6,30,9,9,1,1,9,9,9,3,4,4,2,2,2,2,3.8,2.9,3.6,3.6,4,2.8,3.4,3.6,2.5,3.1,2.7,2.8,3.285714286,8.428571429
315,kA1MeFMwZ2yTuQXLnnIhvg42SWIKiqF063OFuzfZ7S813IuJylOqLyhfqiMnuZPn,4,5,2,2,4,4,1,2,5,1,5,2,1,2,2,5,5,2,4,4,4,1,4,4,2,4,4,1,1,4,5,3,4,4,5,1,2,1,2,4,3,1,5,5,4,2,5,4,3,4,4,2,5,2,1,1,5,5,2,1,2,29,2,3,5,4,4,1,2,2,1,2,2,4,2,2,2,5,1,4,1,4,4,2,2,2,2,4,2,2,4,3,2,2,1,2,1,3,5,1,5,4,5,1,2,2,2,3,3,1,3,4,5,2,4,2,1,4,2,2,3,1,2,1,2,1,29,1,10,22,9,5,8,5,7,9,5,4,3,3,3,3,3,3,3.3,3.5,3.1,2.3,3.6,2.2,2.4,4.5,3,2.3,2.6,2.6,3.142857143,5.428571429
325,corgGz42xOb2v_aItneQMXO0QadFPIKs0GUfWmufmKIPIBCbcyxat6fspBN5_0op,2,5,4,4,4,4,5,4,2,2,3,1,3,1,4,3,4,2,3,2,1,3,4,2,2,2,1,4,1,4,2,3,2,4,2,3,3,4,5,3,4,2,4,4,1,4,3,4,3,2,5,3,2,1,4,2,2,3,3,1,1,26,2,3,2,2,4,2,4,4,4,5,2,5,4,4,2,3,4,2,4,3,4,3,1,4,5,4,2,3,1,4,1,2,2,4,1,2,4,4,4,3,4,2,4,4,2,3,1,2,1,2,4,4,2,3,1,1,3,2,2,2,2,4,1,1,26,8,10,106,9,9,3,1,7,9,9,4,3,4,2,3,4,2,3.8,2.8,3.7,3.9,4.5,2.5,3.6,4,3.5,3.6,4.6,3.6,3.714285714,7.857142857
330,iwZ-M6OIVB0XaM5vSyfAcU0-zKgYtJtpJ1BsgVEkVBWrwO_0MBjRfpqVAFCFsn1n,2,5,4,4,4,5,2,4,4,2,5,1,4,2,4,4,5,2,4,4,2,5,5,4,2,4,4,5,2,5,3,4,2,4,2,5,5,4,4,2,4,2,5,5,2,5,2,5,4,2,4,4,3,1,5,4,4,4,2,4,1,20,2,3,1,2,5,1,4,4,3,4,4,4,4,4,2,3,4,2,5,1,4,5,2,2,4,5,1,5,5,4,5,4,4,4,1,4,3,4,5,2,4,2,4,1,4,2,4,4,4,1,4,4,1,4,4,2,5,1,4,2,2,4,1,1,22,0,1,1,8,8,3,1,7,9,9,4,4,4,1,4,4,2,3.4,2.5,4.3,4.2,3.3,2.7,3.5,4.1,3.6,3.4,3.5,3.3,4.142857143,7.571428571
347,fi7BVlPapaScQuDhZVEIs_EKG3LlZIfmuB1hOw54aFSoi5c7o276cpfh6ys2cQQg,3,2,2,4,2,2,3,1,3,2,4,3,2,1,3,5,4,3,2,3,4,4,1,2,2,4,3,2,2,1,2,2,4,4,3,3,2,2,2,2,4,4,3,4,4,2,2,2,3,3,3,2,3,2,2,4,5,3,3,3,4,26,1,3,5,2,2,3,3,2,3,3,5,5,4,3,2,2,4,2,2,3,4,5,3,4,2,3,2,2,2,2,4,2,2,2,3,2,4,4,5,4,5,4,4,4,3,2,3,2,2,4,2,4,3,2,3,2,4,5,3,4,3,2,4,2,26,0,10,10,9,9,3,5,9,9,9,4,4,4,2,3,4,3,3.3,4,3,3,3.4,3.7,2.8,2.6,3.8,2.5,2.4,3.1,3.714285714,7.571428571
353,BteTwV6VR14PMV2vhOfMwO7-paP4-lhSon5luZBS7J8mVI1tLdm3xb8pT0wFDufx,1,4,2,1,4,5,2,2,1,4,2,5,5,2,3,2,3,2,4,1,2,3,1,2,2,4,2,4,4,5,1,2,3,5,1,1,2,4,3,4,2,2,4,5,2,4,3,2,4,4,2,3,4,2,4,2,2,2,1,4,3,23,2,3,3,4,2,3,5,4,3,2,2,2,4,3,2,5,3,2,4,2,4,3,3,2,1,4,2,4,3,3,2,2,4,2,3,3,4,5,4,2,2,1,1,1,2,2,4,4,2,2,2,5,4,3,2,1,5,3,2,2,2,4,2,1,24,0,2,2,8,7,1,1,8,8,9,4,4,4,1,3,3,1,2.6,3.1,3.8,4.4,3.1,2.9,3,3.2,1.9,3.8,3.5,3.7,4,7.714285714
359,OCY2fADTk3Qzyz0ODhaSrACPVnEkj4KSxjKahVUBjVgbM9Tqyed-0VCYQp69tbqj,2,2,4,2,5,5,2,3,2,3,5,1,1,1,5,1,5,3,1,3,1,5,3,2,2,5,5,2,2,5,3,5,3,5,3,1,3,5,5,4,5,4,3,5,5,1,3,5,3,3,4,4,4,5,5,3,1,5,1,3,1,24,2,3,4,4,3,1,5,4,3,2,5,3,4,5,2,5,5,3,4,3,4,5,3,4,5,5,1,4,4,4,3,4,2,1,1,1,5,3,5,3,1,2,3,3,2,4,1,2,2,4,4,5,5,3,1,1,5,4,2,3,5,3,3,1,25,1,7,19,9,9,1,1,9,9,9,5,5,5,1,5,5,2,3.2,3.9,4,3.6,3.7,3.2,3.9,3.9,2.9,3.1,3.2,3.4,4.857142857,8.428571429
362,ImsUPN1UXdHSxjsh5pTFgsVNodT0YgSqnWiNlPOpAkmph1OyT0inr70QNsSvIO41,2,4,2,4,2,2,2,2,2,1,3,2,2,2,2,5,4,2,2,2,2,4,2,2,2,2,4,3,2,3,2,4,2,4,4,2,2,5,4,4,4,2,2,4,2,2,2,2,2,2,2,4,2,2,4,2,4,3,5,2,2,20,2,3,3,1,2,2,4,2,2,4,4,5,4,2,1,2,4,2,4,2,4,2,2,2,2,3,1,3,4,1,2,2,4,2,2,2,5,4,4,1,2,2,2,2,2,3,2,2,2,2,3,4,4,2,2,1,4,2,2,4,2,3,2,1,20,6,1,73,9,8,2,2,8,8,8,4,4,4,2,3,4,2,3.9,3.1,3.6,3.9,3.8,3.7,3.4,3.2,4.3,3.4,3.2,3.3,3.857142857,7.571428571
366,Ph-v9MIxG7KugIMLTefNnofNAO0875F5_bfiQ4-UrHJF_YXzKP2zQHeQNxLzmKG4,1,5,4,3,2,4,4,1,4,1,4,1,4,1,1,4,4,1,5,2,3,5,5,3,2,1,4,1,1,2,1,5,2,5,5,2,3,5,4,5,5,2,5,1,4,1,1,5,2,5,1,2,1,2,5,2,1,2,4,2,1,27,2,3,4,1,4,1,5,2,3,3,4,5,5,2,2,4,4,1,3,1,4,2,2,5,2,5,1,5,5,4,4,1,4,5,2,2,4,5,5,4,3,1,2,1,2,1,3,2,2,1,5,2,2,5,2,1,5,2,3,1,1,3,1,1,26,1,1,13,9,9,1,1,9,9,9,4,4,4,1,4,4,3,3.4,2.4,4.2,4.6,3.8,2.2,3.6,3.8,4.6,3.2,3.3,2.7,4,8.428571429
368,3aVqeRCiYApQn3UIIBXLCcDp_TRCSHwRPsPA6NQWtxI3QyGAX0IzzrejkthNbtk0,1,2,2,4,4,4,4,1,4,2,4,4,3,4,5,4,4,2,2,4,2,5,4,3,2,5,4,2,2,5,1,2,4,3,3,4,2,5,2,4,4,2,5,4,5,2,2,5,2,2,1,2,4,1,4,2,4,2,2,2,4,22,2,3,3,3,1,2,4,4,1,3,2,4,4,4,3,3,5,2,4,3,4,4,5,3,2,4,2,4,3,2,4,2,5,3,1,3,4,4,4,2,3,4,4,2,1,4,1,1,2,2,2,3,4,2,2,1,4,4,4,2,2,4,1,1,22,1,10,22,7,7,3,1,8,8,9,4,4,4,2,4,4,2,3.2,3.3,4,4.1,3.6,3.3,2.9,4.1,3.6,2.6,1.7,4.2,4,7.285714286
374,lK8esDRWsL4T6PRc66YII3zEaYvmfXzd754HsZen09ujXIg5PnfXL_90DqCmxMPK,2,4,4,4,5,3,2,2,2,4,5,1,3,3,3,3,5,2,2,2,1,3,4,2,2,3,3,2,2,5,2,3,3,4,2,2,5,4,4,3,3,1,4,5,2,3,3,5,2,2,3,4,3,2,3,3,3,2,2,3,1,21,2,3,4,2,3,3,3,3,4,4,2,3,3,2,3,3,3,2,3,2,4,3,3,4,4,3,2,4,5,2,3,4,3,4,2,4,2,4,4,4,5,2,2,3,3,3,1,2,4,4,3,4,3,4,2,2,4,2,3,2,4,3,2,2,21,1,0,12,6,6,3,1,7,7,7,3,3,2,4,2,2,3,3.9,2.9,3.4,3,2.9,2.4,3.7,4.5,2.9,3.6,3.3,3.5,2.428571429,6.428571429
384,gjm1iXKdGkgYVTPKwMyGOW9oJ7EQewtSA0qHyURNe-o8QYCVcGtOAV3GpoOi6tAG,1,5,5,4,1,5,4,4,1,2,3,4,2,1,2,3,2,1,1,1,3,4,2,3,2,5,2,2,1,3,4,3,2,5,4,4,2,4,5,3,4,5,5,5,2,5,2,2,2,3,3,3,1,4,2,1,1,2,3,4,5,22,2,3,4,2,5,1,3,5,4,1,5,2,3,2,5,3,4,4,1,2,4,3,3,5,5,2,4,3,4,3,5,4,4,3,5,4,2,1,3,2,4,4,4,2,1,3,5,5,3,2,5,4,3,2,5,4,4,4,2,3,4,1,1,1,28,1,11,23,8,6,5,9,5,8,8,4,3,3,3,1,1,3,2.8,2.9,3.9,2.3,2.7,3.2,2.3,2,4,3.9,4.4,4.1,2.571428571,5.285714286
395,IDVnCdyb4U76cZ_ohEe2_YP5l0YD8BQfZGChIe6Cr4Dwtlh4glB5svJ2DgPW24LC,1,4,2,2,4,5,4,2,3,4,5,2,4,4,4,2,4,2,4,2,2,4,2,2,2,4,4,1,4,5,4,4,2,2,2,4,4,3,4,3,5,2,4,5,4,4,5,4,4,4,2,4,3,2,4,2,2,4,1,2,1,30,2,5,2,2,4,2,4,2,4,4,2,5,4,2,4,3,3,4,2,5,4,2,4,5,4,4,4,4,4,3,2,2,2,4,1,3,4,4,4,2,5,5,4,1,4,2,1,1,2,4,2,4,4,4,2,1,4,2,4,4,4,3,3,1,31,0,0,0,9,9,3,1,6,9,3,1,2,2,3,2,4,3,3.8,2.2,2.4,3.7,3.7,2.6,3.4,3.8,2.4,2.7,3,3.5,2.428571429,6.857142857
406,oH-fSQxoR6zdDj9HkjUw5wLzWsZyhiuU7FA6-qQ9Ho04TIjqXNDD16Xj-FIc-zQj,2,2,2,4,5,2,5,2,5,3,5,3,5,5,3,5,5,4,5,3,2,2,4,3,2,4,5,1,3,4,1,1,5,4,5,4,3,3,5,2,5,3,1,5,4,5,2,4,3,4,3,3,5,4,3,5,4,5,2,2,3,26,2,4,5,3,5,3,3,3,2,3,3,5,4,3,3,5,3,5,5,3,4,3,5,3,4,3,3,3,3,5,3,3,1,2,5,5,3,3,4,3,3,3,1,4,3,3,5,3,1,3,5,3,3,3,3,2,3,3,4,1,3,3,3,1,29,0,4,4,NA,NA,NA,NA,NA,NA,NA,NA,NA,NA,NA,NA,NA,NA,2.1,3.4,3.1,3.3,3.1,2.2,3.4,3.8,3.4,2.6,2.2,3.5,NA,NA
419,SVSuvm1Ik-L0IQi_3X5hcQFozWSKsV5Cc2WS61tbha9n0G7rldB9DiORdjYoSjbv,2,2,4,3,3,4,2,2,2,2,4,2,3,4,3,4,4,2,3,2,3,4,3,3,2,5,4,4,2,4,2,2,2,4,3,4,4,3,4,4,2,2,4,4,3,3,2,4,2,3,2,4,2,2,3,2,2,2,4,2,2,25,2,3,4,2,4,2,4,2,3,3,4,4,4,2,2,3,4,3,4,3,4,4,4,1,2,2,2,4,4,4,4,3,3,2,4,4,2,4,2,4,4,2,3,2,2,3,4,4,4,4,4,4,2,2,2,2,4,4,4,1,4,4,2,1,26,0,6,6,8,8,1,2,8,8,8,4,3,3,3,3,4,3,2.8,3.6,3.2,3.5,2.8,3,3.4,3.6,3.6,3.7,2.9,3.5,3.285714286,7.571428571
421,k2KHdRh0op0_rJuHWDj6e0oXPUFq8aQVJ0WaPqAowC2mwyr0ZloWLGRQ_cjWe-pn,1,5,2,4,5,5,5,5,4,2,4,2,4,2,4,3,4,4,4,3,2,5,5,2,2,5,2,2,2,5,5,2,2,3,2,3,4,5,5,4,4,5,5,5,5,2,4,5,4,5,2,5,5,2,5,4,3,1,1,2,1,22,2,3,4,4,1,2,3,2,2,4,2,2,4,4,4,5,4,4,2,4,4,4,4,2,3,3,3,3,4,4,2,4,3,2,1,3,4,2,3,2,4,4,4,3,2,4,4,4,3,4,4,2,1,2,2,4,3,2,3,3,2,2,2,1,23,4,0,48,9,5,1,1,9,9,9,5,5,5,1,5,5,1,2.8,3.1,3.2,2.5,3.4,3.5,3.5,4,3,3.1,3.6,3.8,5,7.857142857
424,AMUsznVON55PI4jLJYYlJVhN2FQ8Akc_zIZJLK6Eo_-19qVils9OHpxaXtfGbiNt,3,2,1,4,2,5,1,4,4,5,5,3,1,2,4,5,4,2,4,4,4,2,5,2,2,3,4,2,3,4,1,4,1,2,2,1,5,4,4,4,2,4,4,3,4,1,4,5,4,1,4,1,4,2,4,5,3,4,2,2,4,39,2,5,2,4,4,1,1,4,2,2,2,4,4,4,2,4,4,2,2,4,4,3,4,3,2,1,2,4,2,4,4,5,3,4,4,3,3,2,4,2,2,1,4,4,2,4,5,1,2,4,4,4,1,3,4,4,3,1,4,4,4,1,2,1,36,0,0,0,NA,NA,NA,NA,NA,NA,NA,NA,NA,NA,NA,NA,NA,NA,1.8,2.8,3.6,1.8,3.2,2.5,3.4,4,2.5,1.9,3.2,2.5,NA,NA
426,UNbkfP_GP-9OMgtPlAttr_Ye9qmQExto5r1sjRaqnw4DTT5IkENG8SjlvTP2sQqT,2,4,2,4,4,5,2,2,2,2,4,1,3,1,5,3,4,4,4,2,1,4,5,3,2,4,4,4,1,4,1,2,2,4,2,2,4,4,4,4,2,3,3,5,2,2,2,5,2,2,4,3,1,2,1,2,3,4,2,1,1,32,2,5,2,1,2,1,4,2,2,4,4,5,4,3,4,4,5,2,2,3,4,4,1,2,4,5,1,2,5,1,2,2,4,2,1,2,5,2,4,2,4,3,2,2,2,4,1,3,2,2,3,4,4,4,1,1,4,2,3,5,4,4,2,1,37,8,0,96,9,9,1,1,8,9,9,5,4,4,3,4,4,2,4.2,3.2,3.6,3.8,4,3.9,3.9,4.2,3.5,3.1,3.6,3.6,4,8.285714286
428,ON9yciK1XaCH-tJ2D0abBxaFtn2-aerDI5TBj4bRcQzsBqjG-IS7_HNWDbHFSwwb,1,2,1,3,2,3,4,3,4,4,4,4,4,2,4,1,4,4,2,3,4,2,2,4,2,5,3,1,3,4,3,3,2,2,2,2,3,4,5,4,3,2,2,4,3,2,4,4,5,2,5,3,3,4,3,1,2,4,4,4,4,24,2,3,2,1,4,2,4,2,4,4,2,4,3,2,4,1,4,4,4,3,4,2,2,4,2,3,4,4,4,4,4,2,2,2,2,4,3,4,2,3,5,2,3,1,4,2,2,3,4,2,1,2,4,4,2,1,3,4,2,2,3,4,3,2,24,2,0,24,9,9,1,1,9,9,8,4,4,4,2,3,5,2,4.3,2.5,2.2,4,2.9,2.3,2.7,3.2,2.5,2.1,3.6,4.2,4,8.285714286
432,o2Ql52iu_So1nE_VvQL3jXkV3jSz1JQggRGwILhvTE9Y5cbTOYJExKJu0ivOCpmr,2,2,3,2,4,3,4,4,2,2,4,2,4,4,4,3,4,2,3,4,3,3,4,3,2,4,4,2,3,4,2,3,2,4,3,2,2,4,4,3,3,2,4,3,4,3,4,4,3,3,3,3,4,2,1,2,4,4,2,2,2,22,2,2,3,3,3,3,3,3,3,3,3,3,3,3,3,3,4,3,3,3,4,3,3,3,3,3,3,3,3,2,3,3,3,3,3,3,3,3,4,3,3,3,3,3,3,3,3,3,3,3,3,3,3,3,3,3,3,3,3,3,3,3,3,1,24,0,0,0,3,5,3,3,4,3,3,2,2,1,3,2,2,2,3,3,3.1,3,3,3.2,2.8,4,2.7,2.9,2.7,3.6,2.285714286,4
443,bADFdG1VnqhCgYglFYZIehb1BeFRGwU7hCygaXMZ6CexvlnZexGPIlDwl-waHfc7,2,4,2,5,4,4,2,2,2,2,4,2,2,2,5,2,5,4,2,2,2,4,4,2,2,4,4,4,2,4,4,4,2,4,4,2,4,2,4,4,2,2,3,5,2,4,2,4,2,4,2,4,4,2,5,4,2,5,2,2,2,23,2,3,4,2,4,2,4,4,2,5,3,5,4,4,2,2,4,2,4,2,4,5,2,2,5,4,4,4,4,2,2,2,4,2,2,2,4,4,4,4,4,2,4,2,2,4,2,4,2,4,4,5,4,2,2,2,3,4,2,5,4,3,2,1,24,4,3,51,8,8,2,2,8,8,8,4,4,4,2,4,3,2,4.1,4,3.7,3.7,4,3.6,3.8,4.1,3.3,3.2,3.4,2.9,3.857142857,7.428571429
446,189z6hoOltQ3srGWeEcgiMzlQEb8EwVd7AWXwBZNG1szVHfzOJdDa0g0WprUclqw,2,5,2,3,4,2,2,2,3,3,4,4,3,2,5,2,3,2,2,1,1,2,2,3,2,3,3,3,2,4,4,1,3,5,1,1,2,5,4,2,1,3,3,5,2,2,3,4,2,1,3,4,3,2,2,1,2,4,1,2,4,26,1,3,4,3,1,2,3,4,3,2,3,3,2,3,1,4,4,4,2,2,4,5,2,4,2,2,3,1,2,4,4,2,2,1,2,3,1,2,3,4,2,1,3,3,2,3,2,2,2,2,4,5,4,3,2,2,3,3,2,2,4,2,1,2,26,5,0,60,9,9,1,1,9,9,9,3,3,3,3,3,4,3,3.1,4.2,3.5,2.8,2.7,2.7,2.4,3.7,2.3,2.9,3.7,4.1,3.142857143,8.428571429
451,jQudPcGZeC-I0DeobINnm95MSY9fz6NG6BbXI3deboy4f6amyvGNGEUandclzQcS,2,4,2,4,4,4,4,2,2,4,2,2,4,2,2,2,4,4,4,2,2,4,4,4,2,4,2,2,2,4,2,2,2,4,2,2,4,4,4,4,2,2,2,4,2,4,2,4,2,2,4,4,2,2,4,2,2,2,2,4,2,29,2,3,4,2,2,2,4,4,2,4,4,4,4,4,2,2,4,2,4,2,4,4,2,2,4,4,2,2,4,2,2,2,4,2,2,2,4,2,4,4,4,4,2,4,2,2,2,4,2,2,2,4,4,4,2,2,4,4,4,4,2,2,2,1,29,0,6,6,9,9,1,1,9,9,9,4,4,4,2,4,4,3,3.8,3.8,3.8,3.4,3.8,3.8,3.8,3.6,3,3.6,3.8,3.8,3.857142857,8.428571429
452,rF837KOfPyunTsyOl9Ixotn4RpvwTe6FR6SNuDey91CDVrUKgofryDfEGLiDqLT0,2,5,2,4,4,5,4,5,4,3,5,2,2,1,5,1,3,1,4,2,3,2,1,3,2,1,4,3,3,4,2,1,1,4,2,2,4,4,5,4,3,2,4,5,1,2,4,4,2,2,5,4,2,3,5,5,3,4,2,2,2,29,2,3,4,4,2,2,4,2,2,3,2,4,4,1,1,3,3,2,4,3,4,4,2,5,2,4,2,1,4,2,2,2,2,2,1,2,4,4,4,5,5,2,2,2,4,2,1,2,1,2,2,3,4,4,2,1,3,4,2,1,4,4,2,2,29,0,6,6,9,7,1,1,7,9,9,3,3,3,2,3,4,3,3.9,4,2.7,4.1,3.5,2.5,3.6,3.6,2.6,2.7,4.4,3.2,3.285714286,7.857142857
458,yCO-DSTt_gM2aDKkoSCj7h7UvHfzImeBIny6HoDkeEyPB_JwAqDk3Top9_xFOhu9,2,5,4,4,2,5,2,2,1,4,2,1,4,2,2,4,4,4,4,2,1,4,2,3,2,4,5,4,1,4,1,2,2,5,2,4,5,4,5,4,1,2,4,5,2,4,2,5,1,4,3,5,4,2,5,1,2,2,2,2,1,24,1,3,4,1,2,2,4,2,4,5,3,4,2,2,2,2,4,2,4,2,4,4,2,5,1,4,2,2,5,4,4,2,2,2,1,3,3,4,4,2,5,2,4,1,4,4,1,2,4,1,4,4,4,4,2,1,4,4,3,2,4,4,2,2,23,4,4,52,9,9,1,1,7,9,9,4,5,4,1,4,5,3,4.5,3.6,3.2,4.1,3,2.5,4.4,3.3,3,4.4,3.6,3.6,4.285714286,8.142857143
469,SivfIAx13mTgU9Feo512m0Hj1sJb_juy44x2VPGtwH14VCj8aJyEQkwKKrE4wNi3,3,3,3,2,3,3,3,3,2,3,3,3,3,3,3,2,3,3,3,3,3,3,2,4,2,3,2,2,2,3,2,3,3,2,2,3,2,3,2,2,3,2,2,2,3,2,2,3,2,2,3,2,3,2,3,3,3,3,2,3,3,24,2,2,2,3,2,2,3,3,2,2,2,2,2,3,3,2,2,3,2,2,4,2,3,2,2,2,2,2,2,2,2,2,2,3,2,2,3,3,2,2,2,3,2,2,2,2,2,2,2,2,2,2,2,2,2,3,3,3,2,2,3,2,2,2,24,2,5,29,3,4,4,4,3,4,3,3,2,2,2,2,2,3,3,2.7,3.1,2.9,3.1,3.1,3.1,3.1,2.8,2.6,3,3,2.571428571,3.571428571
475,VlX3Lijyvmz14oW-wVWmYedqV0BEBhwUqapNAowuXmId0kMDbyvQyTSCuMeDZYll,3,5,4,4,3,4,4,4,2,4,3,2,3,2,4,3,4,2,3,2,2,4,2,3,2,3,4,4,2,4,2,4,2,4,4,2,4,4,4,4,4,2,4,3,2,2,2,2,4,4,4,4,3,2,2,4,2,2,4,2,1,18,2,3,4,2,4,2,4,2,4,4,4,4,4,2,2,4,4,2,4,3,4,2,3,3,3,4,2,3,4,4,4,2,4,3,2,4,4,4,4,2,4,4,2,2,3,4,2,2,3,2,4,3,2,3,2,2,3,2,3,3,2,4,2,1,18,0,2,2,8,8,2,2,7,7,8,3,3,3,2,4,3,2,3.4,2.9,3.3,4,3.4,2.9,3.2,3.4,3.6,3.6,3.9,2.9,3.428571429,7.142857143
482,7MxccnkQRR76rlFHC9Vh39pJtZ1oIJmXNYhk7rVRwNSWWi-oeb-WY-XVikHR7KAx,1,5,5,5,2,5,5,4,1,1,3,1,5,1,4,5,1,4,3,1,2,5,4,4,2,5,4,5,1,4,2,1,1,5,4,2,5,3,5,5,3,5,2,5,2,5,1,2,3,2,3,5,1,5,5,1,2,1,5,4,1,19,2,3,1,1,1,1,5,3,5,5,5,4,5,3,3,1,5,1,5,1,4,3,1,3,2,5,1,5,5,3,2,1,3,4,1,3,4,5,5,3,1,2,1,1,2,1,1,3,2,1,5,3,5,1,1,1,5,2,2,3,3,5,1,1,18,0,1,1,9,9,1,1,9,9,9,4,4,4,1,4,5,3,4.5,2,4.3,5,3.7,3.7,4.2,2.4,4.7,4.6,4.2,4.5,4.142857143,8.428571429
489,8yaNYqEA7_10ySDP8hxJZXQxFT2DtS8RZyH6_BiImpJEYhHay80ywa7_8GyjA4IX,1,5,3,4,4,5,3,2,3,3,4,1,4,1,1,3,4,3,4,1,1,4,3,4,2,3,3,4,2,3,2,2,2,4,4,3,3,3,3,3,4,4,3,4,3,4,2,2,2,2,4,4,2,3,5,3,3,2,2,2,1,18,2,3,3,1,2,2,3,2,3,4,2,4,3,3,3,3,5,2,3,2,4,4,2,2,3,2,3,3,5,3,1,3,2,2,2,1,5,2,4,3,5,2,2,4,3,2,1,3,1,2,2,4,5,3,1,1,3,2,4,3,3,2,2,1,18,0,6,6,9,9,1,1,9,9,9,3,4,4,2,3,4,2,4.2,3.1,3,2.9,4,3.4,3.9,3.2,3.6,3.9,3.7,3.5,3.714285714,8.428571429
492,w7IDHFWWYKrpFCwE_eWKFYSc4crZ5I3MtQtNLKkUoK2XirkQBvMPNolnk8grS9aY,1,1,1,4,4,2,4,2,4,2,3,2,5,2,1,2,2,1,2,3,3,4,1,2,2,4,4,1,1,4,4,4,4,2,3,4,1,4,4,4,4,4,2,2,5,4,1,4,2,4,4,1,4,4,1,2,2,1,3,3,2,18,2,3,4,1,4,1,4,1,1,4,1,2,2,2,1,1,2,2,5,5,4,5,1,5,1,4,1,1,4,2,2,1,1,2,1,2,1,5,4,5,1,2,2,4,5,4,1,4,4,1,2,4,1,2,2,1,3,1,2,3,4,4,4,2,19,7,10,94,9,9,1,1,9,9,9,4,4,4,2,4,4,2,3.9,4.2,2.2,4.1,2.7,2.7,2.7,2.7,3.6,2.8,2.7,3.6,4,8.428571429
499,9IlGGbfM3SDfAj2FbFD1Yk0BG-5iWDW6274oF_j2LQY4WO4F372CIDkwUBBgFYeF,2,5,2,3,4,3,4,2,2,1,5,4,1,2,1,5,5,1,3,3,2,3,3,2,2,3,2,1,2,4,2,1,2,2,4,2,3,3,3,3,4,2,3,3,2,2,2,4,2,4,2,2,2,2,4,2,2,3,3,2,1,18,2,3,4,2,1,2,4,1,4,4,2,4,4,4,2,1,3,2,3,3,4,3,1,5,1,5,1,2,4,3,2,2,1,2,3,2,3,3,5,3,4,4,4,1,3,1,2,1,2,1,2,2,4,2,2,1,4,4,2,3,2,2,1,1,19,2,6,30,9,9,4,1,7,9,9,3,4,4,2,1,4,2,4.1,3.1,3.3,4,3.6,3,3.3,4.1,3.9,2.8,3.5,3.2,3.428571429,7.714285714
517,WuIab8-UNjpozZgXJdIzzwDrRVKs9tpjtJaM1xQpM05CuW5YPv0IDRK6VVm6WD74,2,4,3,3,4,4,1,2,2,3,4,1,3,2,1,2,3,4,2,2,1,5,4,3,2,2,2,3,2,4,2,3,2,4,2,2,2,3,3,3,3,1,2,3,2,3,2,4,3,3,4,5,2,2,4,3,2,3,2,1,1,18,2,3,4,3,2,2,5,4,4,4,4,4,4,5,2,2,3,2,4,2,4,4,3,3,3,5,1,3,2,3,2,1,3,2,1,2,4,4,3,3,4,2,3,1,2,2,1,2,3,1,4,4,3,2,2,1,5,3,3,1,2,4,1,1,18,2,4,28,9,9,1,1,9,9,9,4,5,5,1,3,5,3,3.6,3.3,4.2,4.6,3.7,3,3.8,4.1,3.2,3.8,3.7,2.9,4.285714286,8.428571429
524,epZSPas_BVv690P2FJim5Q5xa83_qhwP_TZzLa_YoWy7J7W7Tyu7p--TN5tA8wPj,2,4,2,4,5,5,2,4,4,5,4,5,1,2,4,2,4,1,2,4,2,4,2,4,2,5,2,1,3,5,4,2,1,3,2,2,2,2,4,4,2,2,5,5,2,2,2,5,4,5,4,2,2,2,2,2,4,5,2,3,5,20,1,3,3,2,1,2,4,3,4,4,4,4,4,2,2,2,4,2,4,4,4,5,2,2,4,4,2,4,4,2,2,4,3,2,2,2,4,3,4,4,4,4,3,4,2,2,2,2,2,4,2,4,2,2,2,2,4,2,5,4,2,3,2,1,18,0,1,1,7,8,3,4,6,8,8,3,3,3,2,2,2,2,3.5,3.2,3.2,3.2,3.9,3.9,1.9,4,2.8,2.3,3.7,3.2,3,6.571428571
530,tkbfIgjyzYRVBGJRxGmodY7Ll5yhosMrwvWVOwAnIoYzgWUUCRho9S1xQiVRukRu,1,4,4,4,4,5,4,4,4,4,4,1,2,1,4,2,3,4,4,2,1,4,4,2,2,4,4,4,2,4,3,2,2,4,2,3,3,2,5,4,3,3,4,4,3,3,2,5,4,4,4,4,4,1,1,2,2,2,1,2,1,22,2,3,3,5,2,2,4,4,4,3,2,4,4,2,4,4,4,2,4,2,4,3,2,4,2,4,2,4,4,3,4,2,3,4,2,2,4,4,4,4,4,3,4,3,2,2,2,2,5,2,4,4,2,3,2,2,4,2,3,4,2,4,2,1,27,0,10,10,9,6,1,1,4,9,9,3,2,2,3,2,3,3,3.1,2.6,3.7,3.9,3.3,3.1,3.4,3.9,2.8,3.6,3.9,3.3,2.571428571,7.285714286
549,KoWZ9jxne_OwZafDh4BWUVWjcITJtXg0OqYkWxzHJuA3XHb_v1MEZY9opNf_EmH5,2,5,4,4,3,4,4,4,3,2,4,2,2,2,3,4,3,4,2,2,1,5,4,3,2,4,2,4,2,3,2,3,2,4,3,2,5,3,4,4,2,2,2,4,3,4,2,4,3,2,4,5,2,3,4,2,2,2,4,2,2,22,2,3,4,2,4,3,4,4,3,4,2,3,4,4,2,2,4,3,2,2,4,4,3,4,2,4,3,4,2,4,2,2,3,2,2,3,3,3,4,3,5,3,2,3,3,3,1,1,3,2,4,4,4,1,2,2,4,3,2,3,3,4,2,1,23,0,2,2,8,8,4,2,7,8,8,2,3,2,1,2,3,3,3.9,3.4,3.7,3.6,3,2.7,3.9,3.6,3.8,4,4,3.6,2.857142857,7
551,9_Z6fp73ddm_xvEqjA7mzflKeXEVNhPFuYRqePm480BFuxyd__jRwljfwaiYDv_W,1,5,2,5,1,5,2,2,1,1,5,1,5,1,3,5,5,5,1,1,1,5,3,3,2,5,4,2,1,3,1,2,2,5,3,2,5,4,5,5,2,1,3,5,1,5,1,5,1,1,2,5,2,4,5,2,2,1,5,2,1,18,1,3,4,1,1,2,3,1,2,5,3,5,5,1,3,3,5,1,4,4,4,5,1,1,2,5,4,3,5,1,1,2,3,1,1,1,5,3,5,4,5,3,2,1,1,4,1,5,1,2,3,5,5,1,1,1,2,5,1,5,1,4,2,2,18,0,3,3,9,9,1,1,9,9,9,5,5,5,1,5,5,1,4.8,4.2,2.8,4.2,4.3,4.6,4.6,3.7,4.4,4.2,3.9,4.4,5,8.428571429
564,WCgaJkJprXM5bLxm3VhSTnVN_brTt90y1O2FvjcA7-zfXMABLOa9oxZRdaMAvCd4,2,4,4,5,2,4,1,5,1,2,4,2,4,1,4,4,2,2,2,4,1,5,2,2,2,5,4,2,1,2,4,4,2,5,2,4,2,5,5,2,2,2,4,5,3,2,2,4,2,2,3,5,4,2,4,4,4,4,2,2,4,19,2,3,4,4,1,2,5,2,5,4,2,4,4,2,2,2,4,2,4,1,4,4,3,2,2,4,1,4,4,3,1,2,2,2,1,2,4,4,5,2,4,4,2,1,4,2,2,2,2,1,3,4,4,2,2,1,5,3,4,4,1,3,2,1,20,0,4,4,9,9,1,1,3,8,9,4,5,4,1,5,3,2,3.6,3,3.5,4.3,3.8,3.6,3,3,3.5,3.4,3.5,3.6,4.285714286,7.428571429
567,Bbn6Rf18OJ-G53HN37Utjl0HBYa-71D1DqwbFDXMD0bVom7iF11UyGd28JmuQ5fG,1,4,2,3,2,2,5,4,4,2,3,4,5,1,3,2,2,1,2,2,1,4,1,3,2,5,2,1,2,4,5,2,1,4,5,1,2,3,4,4,2,4,4,5,2,2,2,1,3,1,2,4,2,2,1,1,3,1,3,3,1,18,2,2,2,1,5,2,2,4,4,5,4,4,2,3,2,2,3,5,4,2,4,3,2,5,2,4,3,4,4,5,5,4,4,2,3,5,2,2,3,2,4,1,1,2,1,3,3,1,4,3,4,4,5,3,4,1,4,1,3,1,4,2,2,1,23,0,3,3,2,1,9,8,1,1,1,3,2,3,4,2,1,5,4,2.7,3.8,3,2.1,1.7,2.2,2.7,3.5,3.2,3.9,4.6,2,0.714285714
570,EwA1znyChhdkq5VdZBjlFTLAzl2cJ0Hyl52kRP37bYM4WW2G9jDp-hVeMxNhHpSk,1,5,3,4,1,5,5,1,1,2,5,1,2,1,1,5,5,5,2,1,1,5,1,1,2,5,5,4,1,4,1,5,1,5,1,5,5,2,5,5,2,2,1,5,5,2,5,1,1,4,1,5,1,2,5,2,1,2,2,1,1,20,1,3,5,1,2,2,5,1,5,5,5,5,5,1,1,5,4,1,5,5,4,5,1,1,5,5,1,5,5,5,1,1,5,5,1,1,5,5,5,5,5,5,1,1,5,1,1,1,1,1,5,5,5,5,1,1,5,5,5,5,5,5,1,2,19,0,4,4,9,9,1,1,8,9,8,5,4,4,1,4,4,2,4.2,3.4,3.4,5,4.1,3.6,5,3.1,3.4,4.3,3.4,3.5,4.285714286,8.142857143
574,2BHdDdiRbBuBRBVNSFXbOb5iJYXhDgXYz_lS9K1oaea_2CgN1X8_9F5SWtNLZoWG,1,5,4,5,4,4,3,3,3,4,5,2,3,2,4,3,3,2,2,3,2,4,2,3,2,3,4,3,4,5,3,3,2,5,2,4,3,2,4,3,4,3,3,5,3,2,5,3,4,4,3,4,3,2,5,2,2,2,2,3,2,20,2,3,4,3,3,2,5,2,4,3,4,4,5,4,3,5,4,3,1,2,4,5,4,2,4,5,2,4,4,4,2,4,4,3,2,2,3,5,5,3,2,2,2,3,2,3,2,2,2,2,3,4,1,3,1,1,5,2,4,2,4,4,1,1,19,3,3,39,8,6,8,1,8,7,7,4,3,3,1,3,3,3,2.6,3.1,4,3.9,3.5,3,3.3,3.4,2.8,3.4,3.5,3.4,3.428571429,6.142857143
575,Tpz76QX7xKC0tWdr4-5Q9sFMuCNFvR_q13UtOHXUFvA_5hjx8JNPrpKEFlP3uu1z,2,4,2,2,5,5,2,4,2,4,4,3,3,2,3,3,5,2,2,4,2,4,5,2,2,3,4,1,3,4,4,4,2,3,2,3,3,2,4,3,3,1,4,5,4,3,3,5,2,4,3,2,4,2,4,4,3,4,1,1,4,19,2,3,4,4,2,2,2,3,2,3,3,4,4,4,2,2,3,1,2,3,4,4,3,3,2,2,1,2,3,2,2,3,4,2,2,2,5,2,4,3,3,2,4,2,2,3,2,2,2,2,2,5,5,4,1,2,3,4,4,4,2,2,2,1,19,2,1,25,9,7,3,1,8,9,9,3,3,4,3,4,4,3,3.3,3.9,3.6,2.9,4.1,3.1,3.1,4.5,2.5,2.7,3.2,2.9,3.428571429,7.714285714
580,QpHFKspIpxWWs4ngCkOmc7A_Y5cJ2ewydypdZrcA4sMtPrfyM1vznVkTELcmGcaW,1,4,2,4,2,2,2,4,1,2,4,1,4,4,1,4,3,3,2,2,2,5,2,2,2,5,4,2,2,5,1,1,2,5,4,2,5,3,4,5,4,3,1,5,2,2,2,3,1,2,4,4,3,4,2,2,2,5,3,2,1,18,1,3,5,2,5,2,5,2,4,4,2,4,5,3,2,1,5,2,4,4,4,5,1,4,2,4,4,2,4,4,2,2,1,2,1,2,2,2,2,4,4,2,1,2,4,1,1,4,1,2,2,4,4,2,2,2,3,4,1,5,4,4,2,2,18,1,10,22,6,7,2,1,4,9,9,5,3,2,3,3,3,2,4.5,3.7,2.3,4,3.2,3.1,4.1,3.2,3.9,3.5,3.6,4.1,3.285714286,6.857142857
583,_Nt6cDZgGsMP-EU5f4V9UbMC8BWkOqM8tAUiNnF5OSiMXsLGi1Y7TWWpP7ArubVs,1,4,4,4,4,4,2,2,2,2,4,1,2,2,2,1,3,4,2,2,1,4,2,2,2,4,4,4,2,4,1,4,2,4,2,4,4,4,4,4,2,2,4,5,4,4,4,2,2,5,2,5,1,2,5,2,2,2,1,4,1,19,2,3,2,2,2,2,4,2,4,5,4,4,4,1,2,4,4,2,4,2,4,2,2,2,3,4,1,4,4,2,4,2,2,2,1,1,4,4,4,2,5,3,2,2,2,2,1,2,2,2,2,4,4,2,2,1,5,1,2,4,2,4,1,1,20,1,0,12,9,7,1,1,5,9,9,3,3,4,3,3,2,3,4.2,2.5,3.4,4.1,3.5,3.8,4.2,3.1,2.9,4.2,3.2,3.3,3,7.571428571
584,3b8P8BKRWKYFb9CEReDbQ_waskPEZcgSqcvRYvF5IHnt0bP3dgrq0kqCFHvMy6td,3,4,2,1,4,5,4,5,1,2,5,1,5,4,3,3,2,5,4,2,4,4,2,1,2,2,4,2,3,5,3,4,1,3,1,2,3,2,2,4,2,2,2,4,4,5,2,5,1,2,1,5,5,2,4,3,1,2,1,2,2,19,2,3,3,2,2,5,1,2,4,5,3,2,3,2,3,4,3,2,1,4,4,5,2,4,3,2,2,4,5,3,2,4,3,3,1,3,1,2,4,2,5,4,1,3,1,3,3,2,3,3,3,4,4,4,3,2,4,1,4,5,2,1,1,1,19,1,2,14,9,5,1,1,8,9,8,4,3,3,4,1,4,4,3.9,2.8,3.4,2.2,2.6,3.1,4.3,3.9,2.4,3.5,3.2,3.1,2.714285714,7.571428571
593,9NoyfXPRcPkprz716ZJ5XTwRxjl7PHkb_t06r2-23O5Ct0SwwQ0caKOcANFE_X8X,2,4,4,3,4,3,2,2,3,2,5,4,5,2,4,2,5,2,5,2,1,4,3,4,2,4,4,4,4,5,4,5,2,5,4,4,5,4,4,4,3,2,5,5,4,3,2,5,4,2,2,3,4,1,5,5,2,2,1,1,5,19,2,3,5,4,5,5,2,5,1,2,3,3,4,5,2,5,4,3,2,2,4,5,4,5,1,2,4,1,3,5,1,3,2,2,5,3,4,2,3,5,2,1,2,1,2,5,5,2,4,4,5,5,1,4,2,4,4,2,3,1,4,2,2,1,20,1,1,13,9,9,1,1,7,9,9,2,2,2,2,2,4,3,1.8,4.5,3.8,2.6,2.7,1.9,2.5,4.3,2.9,3.7,3.2,3.1,2.714285714,8.142857143
605,qUjQVjwa3d20cQc2AopcvDCAMSkkn9PhtqO8J4xQaf2KrJ4n8kb-ZG5-c1d6NaAH,2,3,2,4,4,3,2,2,3,2,3,3,2,2,3,3,4,3,4,2,2,4,2,2,2,4,4,3,3,4,2,2,3,4,3,2,3,3,4,4,4,2,3,4,3,3,2,3,3,4,3,4,2,2,4,4,2,3,3,2,2,18,2,3,4,4,3,2,3,4,3,3,3,4,3,4,2,4,4,3,3,3,4,4,2,2,2,2,3,3,3,4,4,2,2,2,3,3,4,2,4,3,2,2,3,2,2,4,4,4,4,4,3,4,2,4,3,2,3,4,3,4,3,2,2,1,19,0,4,4,6,5,5,3,5,5,5,3,3,4,3,3,3,3,2.6,3.7,3.4,2.9,3,3.1,3.4,3.6,3.6,3.3,3.2,2.9,3.142857143,4.857142857
615,bTgraOE7EADqhQotVez3-aYJ93YnGOdB6HdaubTnaVUaRKoVzAfPMnSJzUFS2R5g,1,4,2,3,2,3,3,2,1,2,5,5,5,2,2,1,3,1,4,3,1,2,2,2,2,4,2,2,2,2,2,2,3,3,2,1,2,4,4,3,1,3,2,3,2,4,3,2,1,1,3,4,4,2,3,5,2,2,2,1,4,20,2,2,1,2,2,4,3,2,4,3,2,2,2,2,3,3,2,3,4,3,4,2,2,5,2,3,2,3,4,5,4,4,1,4,2,5,2,3,3,1,4,2,1,2,4,2,2,1,4,4,1,4,1,4,2,2,3,1,2,1,3,2,4,2,21,1,10,22,2,1,9,5,2,1,1,1,1,2,3,2,1,3,3.5,2.1,2.3,2.9,2.3,1.7,2.9,3.3,2.4,3.6,3.5,3.6,1.857142857,1.285714286
616,A-PbVWoj8rpas-q5Z2l1dGGSPOfQuDhFtr3F9mx22EuxeQobHm6YfGrgc7kNIgVz,1,4,1,2,3,5,1,2,4,1,5,5,2,4,5,4,1,1,3,4,2,5,2,4,2,4,5,1,2,4,2,4,2,2,4,5,4,5,4,4,4,4,5,5,2,1,2,1,1,3,4,1,5,1,4,5,5,1,2,5,4,19,1,3,5,2,5,2,4,1,5,3,3,4,4,2,2,4,5,2,2,2,4,5,2,5,5,4,2,1,4,5,4,2,1,2,2,4,4,2,4,5,5,1,2,5,5,5,5,1,4,3,4,5,2,5,2,4,4,5,4,2,5,1,2,2,18,6,10,82,9,9,1,1,9,9,9,4,5,5,3,5,5,4,3.1,4.4,2.9,2.7,3.2,1.8,2.9,2.5,3.5,2.2,2.8,3.1,4.142857143,8.428571429
626,dabn4wDQKodkCb58DUKUVWVdyKrcTSZN6YxRY4O-Bh7S3Sqj5AYsFvQQEQ-GX6_d,3,5,1,2,2,1,2,5,2,2,5,1,1,2,4,1,5,1,5,4,2,2,3,5,2,1,4,2,2,5,2,4,1,2,4,1,3,2,5,2,4,4,5,2,1,1,5,5,5,5,4,2,4,2,2,5,1,4,3,1,4,19,1,3,4,2,2,3,4,2,4,4,2,4,4,4,2,2,4,5,4,5,4,4,1,5,1,4,4,2,5,4,2,3,2,2,2,2,2,3,4,5,2,1,1,2,2,2,4,2,4,4,4,4,3,4,4,1,4,4,2,2,5,4,2,2,19,3,0,36,9,9,1,2,9,9,9,4,5,5,1,5,5,2,3.7,3.7,3.1,3.7,2.1,2.4,2.1,4.1,2.7,2.2,4.2,1.6,4.714285714,8.285714286
629,lDq6hnXmvFnz6AhhRT47dhuCaXwYl_xbfcrJHATVVqnCNQcjKpB1Ibf9UwmxlxD5,2,3,1,3,4,4,2,3,2,3,4,3,3,3,3,3,4,2,2,3,2,2,2,3,2,3,3,2,2,4,3,4,3,3,2,2,2,3,3,3,2,2,4,3,3,2,4,4,3,2,2,3,2,2,2,4,2,2,2,2,1,18,2,3,4,3,2,3,2,4,2,2,3,2,3,4,2,5,4,4,3,2,4,3,4,1,3,3,1,2,3,3,3,4,4,2,2,3,2,2,5,3,3,3,2,4,2,3,3,2,3,3,4,5,2,3,3,2,4,2,5,2,3,2,1,1,20,0,1,1,5,5,5,1,4,3,5,2,2,2,3,1,2,3,2.4,3.6,4.3,2.6,2.6,3.2,2.9,3.8,2.7,2.9,3,3,2.142857143,4.571428571
630,34cH3yrq4tTIDh_nrhvNHNUqFzbpHGwGyh-icdYLeBHovxI-60SRbE5ObUO6W5zv,3,5,3,3,5,5,1,2,3,3,5,5,1,3,3,3,4,2,4,3,2,4,2,2,2,1,4,3,5,5,3,4,4,3,1,3,3,2,4,4,2,2,5,4,4,4,4,4,3,5,1,4,4,1,5,4,2,3,2,3,4,18,2,2,2,1,2,1,2,1,2,5,2,5,3,3,3,1,3,2,3,1,4,4,2,5,3,4,2,4,1,3,1,4,4,4,1,4,5,3,5,2,5,4,3,5,2,1,1,2,2,4,5,4,5,3,2,4,5,2,4,1,3,2,2,1,22,0,1,1,9,9,1,2,1,9,9,2,2,1,4,3,4,4,4.2,2.6,4,2.4,4.1,2.5,2.9,4,2.3,3.4,2.8,1.9,2.285714286,7.142857143
638,NkVqbpV_yxQlwwlcijh-D3XVCAdPMtqAK3twCubyfIeocm9LFi5NpOyYdI5zLzQB,2,4,1,2,3,2,3,2,2,2,4,1,4,2,4,4,2,2,3,2,2,4,3,3,2,4,4,2,2,2,4,4,2,4,2,2,2,4,4,4,3,2,4,4,4,2,2,4,2,4,3,2,2,2,3,3,2,4,2,2,1,19,2,3,4,4,2,2,3,4,1,2,5,4,4,4,2,5,2,2,2,4,4,2,2,4,2,2,4,4,2,2,2,4,4,4,4,4,4,2,2,2,2,3,4,2,2,2,5,4,4,4,3,4,1,4,2,2,1,2,4,5,4,2,2,1,18,1,4,16,9,9,1,1,5,9,9,3,4,4,1,4,4,3,1.9,2.9,3,2.7,3.4,3.3,3,3.4,3.3,2.7,3.3,3.3,3.857142857,7.857142857
639,f3JuKHILe-sc8JznQsGT4HRYEO3MPaobhv25ApH2W8DWfFqF09SKJLUeeYv1psY3,2,5,3,4,4,5,4,3,3,2,4,1,4,1,3,4,4,5,3,1,3,5,4,3,2,5,4,5,1,2,1,3,1,5,4,5,5,4,5,4,4,2,1,5,3,3,5,5,1,2,4,3,1,5,5,2,1,2,3,4,1,19,2,3,1,1,1,1,5,5,5,5,5,5,5,5,1,1,5,1,5,1,4,5,1,1,5,5,1,5,1,1,1,1,5,1,1,1,5,5,5,5,5,5,1,1,1,1,1,5,1,1,5,5,5,1,1,1,5,5,1,5,1,5,1,1,20,0,1,1,9,9,1,1,9,9,9,5,5,5,1,5,5,1,4.6,3.4,5,5,4.6,5,4.8,3.1,3.9,3.6,4.2,4,5,8.428571429
646,sVzzc5dpV1yEAmh11GOTnUevz_XCHs0nd_MpOk6pefOKditiyPfb3nT-6QfHCJz_,2,4,3,3,5,5,2,4,2,3,5,1,4,1,5,5,4,3,2,2,2,4,4,4,2,5,3,3,2,5,3,3,2,5,2,1,5,3,4,4,3,3,3,3,2,3,2,4,2,2,2,3,1,1,5,5,2,2,3,2,1,19,2,3,2,3,2,2,4,4,1,5,3,4,4,4,4,2,5,2,3,2,4,4,2,1,2,4,1,2,5,5,3,2,2,3,1,2,3,4,4,4,5,1,3,2,3,4,1,4,2,5,3,4,3,2,2,2,1,2,4,5,4,3,2,1,19,0,4,4,9,9,1,1,9,9,9,4,4,4,2,4,4,3,4.1,3.4,3.4,3.5,3.3,3.6,4,4.4,3.6,3.4,3.8,3.3,3.857142857,8.428571429
648,nGpf-lIoOQin7BI9991NWES_nAwB8wmu5f07a7mUWJvOoHe5os1OETaj1QFBhiQO,1,4,2,4,4,5,3,3,4,3,5,2,3,3,5,2,4,2,1,2,1,4,1,3,2,5,4,2,1,4,1,1,2,2,2,4,4,5,4,5,3,1,3,3,4,5,2,5,2,1,3,3,3,3,5,2,2,4,2,2,2,19,1,3,4,1,1,2,4,3,2,5,5,5,3,3,1,2,3,3,2,2,4,5,1,1,3,5,2,2,5,3,4,5,5,1,1,1,3,2,5,5,5,4,3,5,2,5,1,5,4,5,4,5,5,1,2,2,4,5,4,5,4,2,1,2,18,0,4,4,9,9,1,1,9,9,9,4,4,5,1,4,5,3,4.6,4.7,4.1,2.5,3.1,4.5,3.9,3.7,3.2,2.9,3.3,4.3,4.285714286,8.428571429
662,LNkaBqG-2hAdbh1w91pPDxgHadBdolvXq8AgLGqCuuwxUzhAb8E1oaNEBRLS6mTn,1,4,4,5,4,5,5,2,2,2,2,2,4,2,2,4,5,2,5,4,1,5,2,1,2,5,3,4,1,5,2,3,2,5,3,5,2,5,4,4,4,2,4,5,2,4,1,2,2,2,2,5,1,4,5,2,4,1,2,1,2,22,2,3,5,2,5,1,2,1,2,1,2,4,4,2,4,2,3,1,2,2,4,4,4,4,5,4,4,4,2,4,1,3,4,5,4,4,5,2,4,5,2,2,5,4,4,4,4,1,1,2,2,1,1,5,1,4,2,1,3,1,1,2,2,2,29,3,6,42,7,7,6,2,4,6,6,3,3,3,3,3,3,2,2.3,2.9,2.7,2.7,4.9,1.7,3.7,3.2,4.2,4.4,3.1,4.1,3.142857143,5.428571429
668,vJholCbrED3vn1UKu_kKwZ15UYGkY_kESJ--hJWCgU5BeWOQGkZVAhuvEB_0uvrc,2,3,3,4,3,3,3,4,2,2,4,1,3,2,3,4,4,5,2,2,2,3,4,3,2,3,3,3,2,4,3,4,2,4,3,3,4,3,4,4,4,2,3,5,3,3,2,4,4,4,3,4,3,4,4,2,2,3,3,2,1,NA,2,3,2,2,2,1,2,2,2,5,4,4,2,2,2,3,5,3,2,3,4,3,4,2,4,4,3,5,4,2,3,4,2,3,1,2,4,5,2,2,4,4,5,3,3,4,1,2,2,5,2,4,5,3,2,3,3,2,3,3,3,4,1,1,NA,0,0,0,8,7,3,1,6,8,6,2,2,2,2,2,3,3,4,2.9,2.7,2.8,3.9,3.7,3.7,3.6,3.6,3.5,3.6,3.3,2.571428571,6.714285714
671,_V0SdYXnEZvRugHJpo4Z6PQCRT5P06oiR2uG1hvLOvxuEsl3XUclog2WYPMHuAcO,1,4,1,2,2,3,4,2,3,5,4,2,5,2,3,1,4,2,1,4,3,1,2,2,2,5,4,2,4,4,4,2,3,4,2,1,1,4,5,4,2,2,4,3,4,2,3,5,2,2,2,4,5,2,2,2,2,2,2,4,1,22,1,3,5,3,1,2,4,3,4,4,4,4,5,5,2,2,5,3,2,2,4,2,4,5,5,4,2,3,4,1,1,4,3,2,2,1,5,2,5,5,4,5,5,4,2,4,3,5,1,4,3,5,3,2,2,3,3,4,4,5,2,2,2,2,22,1,0,12,9,9,1,1,5,9,9,4,2,2,1,2,4,5,3.3,3.8,3.8,2.8,4.4,4.4,2.9,3.6,1.7,3,3,4.3,2.857142857,7.857142857
672,JI6HM57Qybkt1vlZyMBpQ0Ziylqd1CrzcA-TZkImdYm671iWxxm4hUdUfSfrM8Et,3,4,4,5,2,5,4,3,1,1,2,1,2,1,1,5,2,4,1,1,1,5,1,4,2,4,3,4,1,2,2,1,1,4,4,3,5,3,5,4,2,2,1,5,1,4,2,5,1,2,3,5,1,4,5,1,1,1,3,4,1,24,1,3,4,4,2,4,5,2,4,5,3,2,3,2,1,4,5,2,4,2,4,4,1,4,2,5,2,4,4,1,3,2,2,4,1,2,4,5,4,4,5,2,2,1,2,2,1,3,1,1,4,4,5,3,2,1,5,1,4,4,3,4,2,2,22,0,8,8,9,9,1,1,9,9,9,4,5,4,1,4,5,2,4,3,3.5,4.5,3.1,3.5,4.5,2.5,4.3,4.5,4.3,4,4.428571429,8.428571429
674,CG8pJLCm9N7kCsUgAvUhsA0JA1gHY1YrKwFCINjmX3kn9ocEGU9axV4cRcezl6jw,3,4,2,4,4,3,3,3,4,1,5,1,3,2,4,3,4,3,2,4,3,3,4,5,2,5,4,1,2,4,4,1,2,4,4,2,4,4,5,3,4,2,2,4,3,2,2,3,5,1,4,2,3,2,5,1,2,4,4,2,1,NA,2,3,4,2,4,3,2,2,4,2,2,2,3,1,2,2,3,3,3,2,4,4,2,4,2,2,3,3,4,3,4,3,1,2,1,4,2,2,4,3,4,4,1,3,4,2,1,1,5,3,2,4,3,3,2,4,4,3,2,2,4,3,2,1,NA,0,0,0,5,2,7,5,3,2,1,4,2,3,3,2,2,3,3.9,3.3,2.7,2.6,2.2,2.4,3.3,4,3.8,2.3,3.5,4.1,2.714285714,2.428571429
677,PqVUSLT_bUIAdcWo66QSZOWSynz9w_bvT2dBlG29GturI7uWAnDHMgBroVD73xCZ,1,4,1,4,4,3,4,4,1,1,5,1,5,1,1,1,5,4,4,1,1,4,1,3,2,5,2,3,2,5,1,3,2,3,2,1,3,3,5,4,1,1,3,4,3,4,3,3,3,2,3,5,3,1,4,2,1,4,1,1,1,NA,2,3,3,2,4,2,1,4,3,3,5,2,2,3,1,4,4,1,1,1,4,4,3,2,1,1,1,3,2,3,1,3,3,2,2,3,2,5,4,2,2,2,4,3,1,4,2,1,4,3,4,5,2,3,1,3,5,1,3,4,4,2,1,1,NA,0,0,0,9,9,1,1,9,9,9,5,5,5,1,5,5,1,2.9,3.4,4.3,2.4,3.2,3.1,3.8,4.3,2.8,3.7,4.2,3.9,5,8.428571429
684,TDosxiQaWJ_lftF5SayPhjrPfaHEcG85BehWkMfk5xMqay_PgL5roWm53RNxN7eY,3,4,2,4,4,2,2,3,2,2,4,2,4,4,4,4,4,2,2,2,2,4,4,3,2,3,4,1,2,5,4,4,4,4,4,2,3,4,2,4,4,2,4,4,3,3,3,4,4,4,2,2,2,2,3,4,4,4,3,2,2,NA,2,3,4,2,3,3,5,4,4,3,3,3,2,4,2,4,4,3,5,2,4,2,3,2,3,4,2,4,2,2,3,4,3,3,2,1,4,3,4,4,3,3,2,3,2,2,2,4,3,4,3,5,2,2,3,1,4,3,2,2,3,4,2,1,NA,0,0,0,9,9,3,5,4,7,3,4,3,2,2,3,3,3,3.1,3.1,3.8,3.5,3,3.6,2.7,4.1,3.8,2.8,2.6,3,3.142857143,5.714285714
685,NRPS9j42RicXVDk3Yrn_txdMXSOpadR8BHw1v9Rxn-leE0IWfLIG5Peztapkf7aI,2,2,2,2,3,2,3,2,2,5,5,5,4,2,4,2,5,2,2,2,3,2,5,3,2,3,5,1,2,4,4,3,5,3,2,1,3,3,3,4,3,1,4,3,2,2,5,5,4,4,3,5,5,4,2,5,3,4,2,2,5,23,2,3,3,2,3,2,4,5,3,3,3,3,4,4,3,3,3,3,3,2,4,3,3,3,3,4,2,4,2,2,2,3,3,2,4,4,4,4,2,3,3,4,3,3,2,2,4,2,4,4,4,3,2,3,2,3,4,3,3,2,2,3,2,1,30,3,1,37,9,9,1,1,4,9,6,2,3,3,3,2,5,3,2.7,2.9,3.8,3.3,3.4,2.9,2,4.3,2,2.8,2.7,3,3,7.285714286
724,Sp_OkxQGhsblMs3ZAzVQz33nDNC1i3tpx2b34Raq_OzPkSMpTl3giwKc5u5xMF-B,4,2,4,4,3,3,3,2,1,4,3,1,1,3,3,5,5,3,4,4,1,5,4,2,2,2,5,3,2,4,2,5,2,5,4,5,4,3,5,2,3,1,4,5,3,4,1,4,1,5,1,4,2,2,4,5,5,2,2,1,1,24,2,3,4,2,5,5,5,5,5,5,4,4,4,3,2,2,5,4,4,1,4,4,1,2,1,5,1,4,4,4,5,4,4,2,1,2,2,5,4,4,4,4,2,2,2,2,1,3,4,3,4,5,5,4,4,1,5,2,3,2,5,4,1,1,26,7,6,90,9,9,1,1,9,9,9,3,5,4,1,4,5,2,4.4,3.2,4.4,4.1,1.8,3.1,3.9,3.8,3.8,3.9,2.4,2.1,4.285714286,8.428571429
725,Ze_yKgftwIuRLO1KxqoN2HRDIMDQrDtA2XlnkdLk2crI0oma6Q-bO9ID8tY2U7g7,4,5,1,3,5,5,2,4,4,2,4,2,2,3,4,2,2,2,2,1,2,4,2,2,2,2,4,4,2,4,2,4,2,2,3,2,2,3,4,4,4,2,2,5,2,2,2,4,3,4,2,4,2,2,5,2,5,2,3,3,2,23,2,3,5,5,3,2,3,5,2,2,4,3,5,3,2,2,5,2,4,2,4,4,3,5,2,4,2,4,1,4,1,2,4,4,3,4,2,5,4,4,2,4,2,2,2,2,4,2,2,3,5,4,4,2,2,1,4,2,4,2,2,2,1,1,23,3,4,40,8,8,2,2,6,9,9,4,4,3,3,3,4,2,2.4,3.3,4.2,3.9,3.4,2.9,3.7,3.6,3.5,2.9,3.4,2.8,3.571428571,7.428571429
727,1mCtI_zBeYHykUMHtXQAIIvovLgvAm3Xam5fU3fxxOu_DlvcuZjF63Uyr6mZ7hED,2,5,3,5,1,2,2,2,2,2,3,2,2,4,2,3,4,3,2,2,2,2,3,3,2,5,4,3,2,2,2,2,2,5,4,2,2,4,2,2,4,4,2,4,2,5,1,2,4,4,2,5,5,2,2,2,2,1,4,1,2,25,2,3,2,2,2,2,3,3,3,2,2,4,4,2,4,2,4,2,4,2,4,4,4,2,2,2,3,4,2,2,2,2,2,4,2,3,3,4,5,2,2,4,4,2,2,4,2,2,4,4,4,4,3,2,2,2,3,2,3,4,4,2,2,1,26,0,1,1,8,6,2,2,3,8,8,3,2,3,2,2,1,2,3,2.7,3.4,3.3,3.3,3.5,3,3,3.6,4,3.1,3.5,2.714285714,6.428571429
730,5tmOFxuQmY3XFdzPhc6_ZKJ5Jzsi1h0SOP4fvddte4JrHH6AM_r8COUPdmhS3oFQ,3,2,2,2,4,4,2,2,4,4,4,4,2,4,4,2,4,2,2,4,2,4,2,3,2,4,4,2,4,4,2,4,4,3,3,2,4,2,2,4,2,2,4,4,4,3,4,4,2,4,2,4,4,2,4,4,4,2,2,2,4,26,2,2,4,2,4,2,4,4,2,4,4,4,4,4,2,2,4,2,4,2,4,2,2,4,2,4,2,4,2,4,2,2,2,2,3,4,4,4,4,3,4,2,2,2,3,2,2,2,2,2,4,4,4,4,2,2,4,2,3,3,2,3,2,1,25,0,6,6,7,7,4,4,8,8,8,3,3,3,2,2,3,3,3.6,3.1,3.7,3.9,3.6,2.5,3.1,3.8,2.3,3,2,2.7,3,6.571428571
732,zVOxPfXDF_1gbfbKLUBFRXWrziQQYG88sRF9Z_cjzvfmBkA_-uYIzXq45kKDl7Hq,1,5,4,4,5,5,1,2,1,2,5,1,5,1,5,3,5,4,2,2,3,2,5,2,2,4,4,3,1,5,1,1,1,5,1,1,5,2,5,3,1,1,2,5,2,3,5,5,1,1,4,5,1,4,5,3,1,4,1,1,1,23,2,3,4,5,4,5,1,2,5,2,2,2,2,1,2,4,2,5,1,2,4,1,4,2,1,1,1,1,4,5,5,4,2,4,2,3,1,1,5,3,2,1,1,2,1,5,2,1,5,4,5,3,2,5,5,3,4,1,4,1,5,1,1,1,26,2,10,34,7,9,1,1,5,8,7,1,3,3,3,2,4,4,2.5,2.9,3.8,1.8,1.1,1.8,4.7,4.7,2.7,3.4,4.1,3.9,2.571428571,7.142857143
733,mYNl3kiiMwLjkNWJZT6Xh_mpThLlvRHgGUBUl92-kl2bRcUKG7hQAvyDU8s7jcWm,3,5,3,4,2,3,2,2,2,3,4,2,2,1,4,3,4,4,2,2,1,4,4,2,2,2,4,2,2,4,2,2,2,4,2,4,3,2,5,4,3,2,3,4,3,3,2,4,1,4,4,2,2,2,4,3,2,2,2,1,1,24,2,3,3,2,2,1,4,5,2,2,3,4,4,4,4,2,4,4,4,1,4,2,2,4,2,4,3,4,4,3,3,2,5,4,2,4,4,4,4,2,4,4,2,2,2,2,3,1,4,4,4,3,2,2,1,2,4,2,2,1,4,4,2,1,27,0,0,0,9,9,1,1,9,9,9,3,4,4,2,3,5,2,3.5,2.4,4.2,3.8,3.1,2.8,3.9,3.7,3.3,3.3,3.8,2.8,3.857142857,8.428571429
736,HE7Yl04Fnb28bULUJGVMYNEVEDxUN6LiTkL_6VVUuXV4Do_DWOUm8hRLk7dgcIoV,2,5,2,4,4,2,3,4,4,2,4,2,5,2,5,5,5,3,5,4,5,4,5,4,2,5,4,2,2,4,4,5,4,3,5,1,4,4,2,3,5,2,5,5,2,2,5,3,3,4,4,3,2,2,5,4,5,4,2,2,4,25,2,3,4,2,2,2,2,4,3,3,4,4,4,3,4,3,5,2,4,4,4,2,3,2,4,2,2,4,4,2,2,2,4,4,3,2,4,2,4,3,4,4,4,3,2,3,2,2,2,4,2,2,4,2,2,2,3,3,5,4,2,2,2,1,25,3,10,46,9,9,1,2,7,9,9,3,3,3,3,1,4,5,3.3,2.6,3.4,2.9,4,3.9,2.8,4.2,3.8,2.1,3,3.2,2.571428571,8
744,6PBSL9EjvZwxe4PtBqX4Q9iITFpLrUKc0c_mhFfD6zVgcsraIgKyTeQUwBmwz0h8,2,4,2,3,2,3,4,3,2,4,4,3,3,2,4,3,4,3,4,5,4,3,4,3,2,5,4,4,3,4,2,3,2,4,4,2,4,3,3,4,2,2,4,5,4,4,2,5,2,5,2,4,4,2,4,3,2,2,2,2,3,23,2,3,5,2,2,2,4,3,3,2,3,3,4,2,2,3,4,2,4,3,4,4,2,4,2,4,3,2,4,2,2,2,2,2,3,3,4,2,4,4,2,4,4,2,3,4,3,2,5,2,2,5,2,4,3,2,3,3,3,3,3,2,2,1,24,0,4,4,7,7,2,1,7,7,7,4,3,3,2,3,3,2,3,4,2.9,3.6,3.2,3.1,3.3,3.9,2.8,3.4,2.9,3.3,3.428571429,6.857142857
746,Gzi5M17wpOMNnbO9GWBkEkDK2s0n-cgZlfY6YhY2GnGu4Yt3RwDiMXQDy668J10C,1,4,3,4,3,2,4,2,2,3,4,1,5,2,2,3,4,3,1,3,2,4,4,2,2,5,2,3,1,4,4,2,2,4,3,4,5,4,4,4,4,4,4,4,4,2,5,4,3,1,4,4,3,4,3,2,3,2,3,1,1,25,2,3,4,3,3,1,2,2,3,3,2,4,5,3,4,4,3,2,1,3,4,3,4,4,2,4,1,4,2,3,3,4,2,2,3,3,2,3,5,4,3,2,4,2,4,2,3,2,4,4,3,4,2,3,2,1,3,3,4,2,2,3,2,1,26,0,10,10,8,6,2,7,6,8,5,1,2,2,3,2,3,3,2.5,3.1,3.2,3.1,3.4,2.5,3.4,3.4,3.3,3.6,3.4,4.5,2.285714286,5.714285714
747,MDwlsuPAS2MUU4OUdQhC2l9bfBBoqPjFxBRSOozA3dBq9rwuXjsaFmYsh7EQKYp8,3,2,2,2,4,2,3,4,2,2,5,1,3,2,4,4,5,1,4,5,1,2,4,5,2,4,5,2,2,4,4,4,4,4,4,1,2,3,4,4,4,2,4,4,3,4,4,4,4,4,4,5,5,1,2,2,4,2,4,2,2,23,2,3,2,3,4,3,5,2,4,4,3,4,4,3,4,2,4,4,1,5,4,3,2,2,2,4,4,4,2,4,4,4,2,4,2,3,4,4,4,2,4,2,2,2,4,2,2,2,4,3,3,2,3,3,2,2,4,2,3,3,4,4,2,1,24,6,0,72,8,8,3,2,8,8,8,4,4,4,2,4,4,2,3.5,2.1,2.7,3.5,2.7,2.8,2.3,4.4,3.1,3.6,2.7,3,4,7.285714286
748,YpYx5I_ACV9fbFq9WEbSDQ8nQnm-xC16FfFsWjOECArUfEFvmVy8Haga5gF60GfT,2,2,4,3,4,3,4,3,4,4,2,2,2,5,5,4,4,2,3,5,2,4,4,3,2,4,4,4,3,5,2,4,3,4,3,5,3,3,3,3,2,2,3,5,5,5,2,4,3,2,3,5,4,2,4,4,5,4,2,2,2,25,2,3,2,4,2,2,3,2,2,4,4,4,4,2,2,2,5,2,4,4,4,5,4,2,4,4,1,4,4,1,2,4,4,4,2,4,5,3,4,2,4,2,4,4,3,2,2,3,1,4,2,3,2,4,2,4,4,3,3,4,2,2,2,1,25,2,11,35,9,8,1,1,9,9,9,4,4,4,2,4,3,2,3.3,2.9,3.2,2.8,4.2,3.5,3.3,3.6,2.9,3.4,2,3.3,3.857142857,8.285714286
749,slryPDRN_Zjzx6PtACbn6k_xMc3lq891QLCS0Zws04_7DrHVx17gDCWgFL6jhiFx,2,4,4,2,2,4,3,2,2,2,2,3,3,2,2,3,3,2,2,2,2,4,2,3,2,4,2,3,2,2,2,3,2,4,2,2,4,4,4,4,4,3,3,4,2,4,2,4,2,4,2,4,2,4,4,3,4,2,3,4,2,24,1,3,4,2,2,1,4,4,1,4,4,5,4,4,2,2,4,2,4,2,4,5,4,4,4,5,4,2,3,2,2,2,4,4,1,2,4,4,4,4,3,4,5,2,2,4,1,4,4,1,5,4,4,2,4,1,2,4,4,4,2,4,4,2,23,6,7,79,9,9,1,1,9,9,9,4,4,4,2,3,4,3,3.6,4,3.5,4.3,3.9,3.8,3.5,2.6,3.4,3.9,3.4,3.4,3.714285714,8.428571429
758,xA6rI7Tn_laJ5LCX5t4QhnJC7SKI8MrjJruOxmDkalQf1ioWb7w_JuxBRktoIjF4,4,5,2,4,5,4,3,5,5,2,5,2,4,1,4,2,4,3,4,2,3,3,3,4,2,4,5,2,2,4,4,2,2,2,2,2,4,2,5,4,4,3,3,5,3,2,4,5,3,4,4,2,2,2,3,2,2,3,3,2,1,24,2,3,4,4,4,1,5,3,2,3,4,5,3,4,3,3,4,4,5,2,4,5,3,4,3,4,2,4,3,4,2,2,4,2,3,3,4,4,4,3,3,2,3,3,2,2,3,4,2,3,4,4,2,3,2,2,4,3,4,3,2,4,2,1,24,1,6,18,9,9,1,1,8,9,9,3,3,3,2,4,3,2,2.7,3.4,3.9,3.9,3.8,2.9,3.3,4.1,3.2,2.3,4,3.2,3.428571429,8.285714286
759,TQWEDq3MLkljTuDpB3Py84MkEuO1_2e72tgNe1_58KAAFCDi0CcVHAFF1xmUV8nh,1,4,3,4,4,3,4,3,2,2,4,1,4,2,2,3,4,2,3,2,2,4,4,4,2,5,4,2,2,5,4,2,2,4,3,2,4,4,4,4,3,2,4,4,2,4,2,4,3,2,2,4,2,2,2,2,2,3,3,2,1,23,2,3,4,3,3,4,4,3,2,4,3,3,3,2,4,2,4,2,4,2,4,4,3,3,2,4,2,2,4,2,3,4,3,4,3,2,4,4,4,3,4,2,2,2,4,2,2,3,2,4,4,4,4,3,2,2,4,2,3,4,4,3,2,1,24,1,7,19,7,7,2,5,8,8,8,4,3,4,2,3,3,2,3.6,3.1,3.4,3.4,3,3.3,3,4.1,3.6,3.6,3.5,4.1,3.571428571,6.714285714
762,1bCWg9KAOTbK5i_W5qkRsOxIfonYrivIsi03_v3t9IPhmhMUqIgXMUYs2RKkeVRr,4,1,2,5,2,5,2,2,1,2,4,1,4,2,1,3,4,1,3,2,1,5,1,5,2,3,4,4,2,4,4,4,4,4,4,4,5,4,3,4,3,4,5,3,2,5,1,5,5,2,4,5,1,2,4,2,2,2,4,4,1,25,2,3,4,4,4,2,4,3,3,4,3,4,4,4,3,2,3,2,5,1,4,4,3,2,3,5,1,2,4,4,1,1,3,2,1,4,4,4,5,1,4,4,2,1,3,1,1,2,4,2,4,4,2,3,2,1,5,2,4,2,3,4,2,1,24,0,11,11,9,8,1,1,9,9,9,4,4,4,1,4,4,1,3.5,3,4.1,4.5,3.5,2.7,3,3,4.2,4.3,3,3.1,4.285714286,8.285714286
764,NsTWM7inp9WL0Qr7vtrUCYDe7Ppss4NQMTLTrXoOVMj9zU8aQt8i-BPBjgxrtu81,1,5,5,1,1,5,3,1,1,1,1,1,4,1,5,4,2,5,3,1,1,5,2,5,2,5,4,4,1,1,1,1,5,5,2,5,5,5,5,5,2,2,3,5,2,5,1,5,2,1,4,5,5,4,1,1,5,2,5,2,1,24,1,3,5,1,1,1,4,2,1,5,5,5,5,4,1,5,4,5,1,4,4,5,4,1,4,5,1,1,5,1,1,1,4,1,1,1,2,4,5,5,5,5,4,1,1,5,1,5,4,1,5,5,1,1,4,1,5,5,5,5,5,2,1,2,23,1,9,21,9,9,1,1,9,9,9,3,4,5,2,5,5,3,3.5,5,4.2,4.1,3.1,4.9,3.9,2.3,3.5,4.4,3.3,4.5,4.142857143,8.428571429
769,#NAME?,2,4,2,4,4,3,3,5,3,1,5,3,1,3,4,1,5,3,3,2,3,3,5,5,2,3,3,2,2,4,2,3,1,4,3,1,3,1,4,3,3,2,4,5,2,3,1,5,4,5,4,2,1,1,3,1,1,3,4,2,2,23,2,3,4,2,3,3,4,3,3,2,4,3,4,4,2,4,5,1,5,1,4,5,3,2,1,5,3,5,3,3,4,1,4,4,4,2,4,4,4,4,3,4,1,4,2,2,4,2,1,3,4,3,1,4,2,1,5,2,3,4,4,2,2,1,24,5,1,61,9,9,3,1,9,8,9,5,5,5,2,4,4,2,2.5,3,4,3.9,3,3.5,2.8,4.6,3.7,2.7,4.1,2.9,4.428571429,8
772,kpKwzhy1IHkwjZ6oE_RVqNRxmJB167br2CPjY3Vpay2H1L3x8QxuiCNrIQxyBUig,4,5,3,4,5,4,4,2,2,4,4,2,2,2,4,4,2,2,2,2,2,4,4,2,2,4,4,4,2,4,2,5,2,4,2,2,4,4,4,4,4,2,4,5,4,4,2,4,2,4,4,5,4,2,5,4,2,2,2,3,2,24,2,3,4,2,4,2,4,2,2,5,2,4,4,3,2,4,2,4,4,2,4,4,4,4,3,4,4,2,4,2,2,2,4,2,2,4,4,4,4,4,5,4,4,2,2,4,2,4,2,4,4,4,4,4,4,2,4,4,3,4,4,4,2,1,24,1,4,16,7,5,6,5,6,7,4,4,3,3,4,3,3,2,3.7,4,3.5,3.8,3.3,2.8,3.7,3.8,3.2,3.8,3.5,3,3.142857143,4.857142857
779,iigHB-bjgvmjzRzkuYwV9dTGleic6RVpJFHvX1I24yHbaR4cwebEDET19gwDu7Q9,1,5,2,4,2,2,5,5,2,1,4,4,4,1,3,4,4,1,1,1,2,5,3,2,2,5,4,1,2,5,3,2,1,4,4,3,3,2,4,5,3,1,5,5,4,3,2,4,2,3,2,2,4,2,5,1,1,3,3,1,1,25,2,2,4,2,3,2,3,4,2,3,3,4,4,4,2,4,4,2,2,2,4,4,4,2,5,4,4,4,2,2,2,4,5,2,2,2,4,3,4,4,4,5,5,4,2,2,2,2,2,2,2,5,2,4,2,2,4,2,3,4,2,3,2,1,29,2,3,27,6,6,2,2,7,6,7,NA,NA,NA,NA,NA,NA,NA,3,3.5,3.7,3.1,4.2,3.5,3,3.9,3.8,3.1,4,4.3,NA,6.285714286
780,nhsTUskN3miEFqE5xxBgxwwaWQEowM3OSjgWqltmk1IYav0_tjBfl9UveyOSWl7l,1,4,2,4,2,4,2,4,2,2,5,2,2,2,4,2,5,2,4,2,2,4,4,2,2,4,4,2,2,5,4,2,2,4,2,2,3,3,4,4,3,1,5,5,2,3,2,5,1,4,2,4,4,2,2,2,2,4,2,2,2,25,2,3,4,4,2,1,2,5,1,2,4,4,4,4,1,5,4,3,2,2,4,5,2,4,2,2,2,2,4,4,2,4,2,2,2,4,4,2,4,2,2,2,4,2,2,4,2,2,3,3,4,5,2,4,2,4,4,3,2,2,4,1,2,1,25,0,3,3,9,9,1,1,9,9,9,5,5,5,2,4,4,2,2.9,4.1,3.9,2.4,3.5,2.6,3.1,4.3,3.1,3.1,3.6,3.3,4.428571429,8.428571429
784,F-xlHLN4XDwnYXiAbwFUV_gVc5XRi0gs3aEIEw2rEg1zPpyNfxej6dIr-mknB8wd,2,2,4,4,4,4,2,2,2,3,4,1,2,3,4,3,5,3,2,4,3,4,2,3,2,4,4,5,2,5,2,4,4,4,3,4,5,4,4,4,4,2,3,3,4,3,2,4,2,5,3,4,2,2,5,3,4,4,2,2,1,26,2,3,4,2,4,2,3,3,2,5,4,4,3,3,4,3,4,4,3,3,4,4,3,1,2,3,2,4,4,5,2,4,3,3,1,3,4,2,4,3,5,2,2,4,3,3,1,4,4,4,4,4,2,4,2,4,2,2,4,4,4,2,3,1,26,1,2,14,4,8,3,4,5,6,8,3,3,3,3,2,3,4,3.8,3.1,3.2,2.4,3,3.1,4.1,3.8,3.5,3.5,2.4,2.9,2.714285714,5.714285714
785,8QShFOi3GxA28inua6m2TIDqDc1L5fgwX3HntM6GTGOVtXLnxA4wKZPEyo6kf7gj,1,2,2,3,2,5,5,2,1,5,2,1,2,2,4,2,4,5,2,2,1,5,2,3,2,5,4,2,2,4,2,4,4,3,2,4,5,2,3,2,3,1,3,5,2,5,4,1,3,2,2,4,2,4,5,2,4,4,3,2,1,25,2,4,3,3,2,4,4,2,5,2,2,4,4,2,2,2,4,4,5,1,4,2,2,3,1,5,2,4,2,4,4,2,2,2,1,2,5,2,2,4,2,5,2,1,4,2,1,1,2,4,4,2,5,2,2,1,5,2,2,2,4,4,1,1,28,2,7,31,9,9,1,1,9,9,9,5,5,5,1,5,5,2,3.6,2.6,3.3,4,2.8,3.1,4.3,2.8,2.9,3.2,2.7,3.8,4.857142857,8.428571429
786,S-dyDIDISomWWhyRmhnUBKKfQtKwocHYgAasgQ7RW6o5F-4ocuUTeakTNy9dGPJu,3,4,2,5,4,2,4,3,1,2,4,3,2,2,1,4,3,1,4,4,3,4,2,5,2,1,4,1,1,5,4,3,4,4,4,3,2,4,4,4,4,3,5,4,3,2,2,3,5,3,3,3,3,3,4,4,4,3,4,3,4,23,2,3,3,4,2,2,4,3,4,3,5,4,3,4,4,2,5,4,5,2,4,3,3,2,2,5,2,4,2,4,4,2,2,2,3,1,1,3,4,2,3,5,2,1,3,3,2,5,2,1,4,4,3,4,2,1,4,3,3,4,5,3,1,1,27,0,4,4,9,9,3,5,9,8,9,4,4,4,2,4,3,2,3,2.8,3.7,4.2,2.6,4.1,1.9,3.3,4.1,3.2,2.9,2.8,3.857142857,7.428571429
787,xY31aCXCfLi37u9R1pEWhe8lLN4CmK85NDRWwdIsMxW8bXgwwp0slNBEAJmKwU3O,2,5,5,5,5,5,5,2,1,4,2,1,4,1,2,2,3,5,5,1,1,5,4,3,2,5,3,5,1,4,2,2,1,5,1,5,5,4,4,3,2,2,1,5,1,5,2,4,1,1,3,5,1,3,5,1,1,4,1,4,1,24,2,3,2,2,1,1,5,4,2,5,5,5,4,1,2,1,5,1,5,1,4,4,2,2,3,5,1,4,5,1,1,4,5,4,1,1,5,5,5,2,5,5,2,1,1,1,1,4,1,1,2,5,5,5,1,1,5,2,3,5,2,5,1,2,26,4,8,56,9,9,1,1,9,9,9,5,5,5,1,5,5,2,4.6,2.8,4.2,4.6,4.4,4.4,4.7,3.2,3.2,4.4,4.2,4.2,4.857142857,8.428571429
792,3bQ_rFHuaqFFwNU756Len400h_AqIhyHgCoUN6SyONcm4fjtxuw0zmHkw6EYvZj7,4,5,4,4,4,4,4,1,1,2,2,1,2,1,2,4,3,2,4,2,1,5,2,2,2,2,4,4,2,4,2,4,2,4,3,2,5,3,4,4,4,2,4,4,2,3,2,4,1,2,2,4,1,2,4,4,2,2,3,3,1,25,2,3,2,2,2,2,4,3,2,4,3,4,4,4,2,3,4,2,3,2,4,3,1,3,3,4,1,4,4,2,3,3,3,2,1,3,4,4,4,3,4,4,1,2,3,2,1,2,2,2,3,2,2,4,3,2,4,2,2,2,3,3,2,1,27,0,0,0,9,9,1,1,9,9,9,5,5,5,1,4,4,2,4,2.8,3.7,3.7,3.3,3.1,4,3.4,4,4.1,3.5,2.7,4.571428571,8.428571429
793,jQvhvCH3fhUPSuhxLoX3JZerv62ciqtMipnnJSsdnUN6kuUWjjVXF-Cs1C6ezP-2,2,4,4,4,2,3,4,4,1,3,1,1,4,2,2,3,4,2,2,2,1,4,4,4,2,3,2,4,3,3,3,4,2,4,2,3,4,3,4,4,3,3,3,2,2,3,3,4,4,3,4,4,2,4,3,2,2,2,3,2,1,23,1,3,4,2,3,2,3,2,2,4,3,4,2,2,4,2,3,2,3,3,4,4,4,2,4,3,2,3,4,2,2,2,2,2,1,3,4,4,4,4,5,3,5,4,3,2,1,3,2,4,3,4,4,3,2,2,3,4,2,4,3,3,3,2,24,1,6,18,8,9,3,2,7,8,8,3,4,4,2,3,4,2,4.1,3.5,2.9,3,4,3.3,3.2,3,3.2,4.1,4,3.3,3.714285714,7.285714286
796,2Gyx164V_Hf8vjBoOEhjLgVj5qeC1leP0nxONh5KrjxMuAeEzD15nvll49LJp-sg,2,4,1,4,4,4,2,2,1,2,4,1,1,2,2,3,2,2,2,2,1,4,2,3,2,4,4,2,1,4,2,4,2,4,2,4,2,2,4,4,3,2,4,4,3,4,2,4,2,4,2,4,1,1,4,4,2,2,4,2,1,23,2,3,4,2,3,2,4,3,4,2,2,3,4,3,2,4,4,4,4,2,4,4,2,2,2,4,3,2,3,3,3,3,3,2,1,3,3,3,4,4,2,3,2,2,2,3,1,2,3,2,3,4,2,3,3,2,2,3,3,4,4,2,2,1,23,8,0,96,7,7,1,2,7,7,7,3,3,4,3,3,3,2,3.2,3.6,3.3,3.6,2.7,3.1,3.5,3.5,3.8,3.7,3.3,2.7,3.285714286,6.857142857
798,1Cg7n5mBM0Qh1wXsOmCavllptn3tjl605XKEt7w1qXk8eZg_LoZshWXFsQ0Lhfjn,2,4,2,3,5,4,3,2,2,2,5,2,5,4,1,4,5,4,2,3,2,5,2,3,2,4,4,2,2,4,4,4,2,4,4,4,3,5,2,4,4,2,4,5,4,4,1,5,3,2,2,4,4,2,5,2,3,2,2,2,2,24,2,3,4,3,4,2,4,4,2,3,3,5,3,3,2,4,4,2,4,2,4,3,2,4,2,5,3,3,3,2,1,2,2,4,2,2,5,5,3,2,4,4,4,1,3,5,1,2,2,1,3,5,4,1,2,1,3,2,3,2,4,2,2,1,25,6,3,75,9,9,1,1,9,9,9,4,4,4,1,3,4,2,3.5,3.4,3.2,4.2,3.9,3.2,3.4,4,3.7,3.7,2.6,4,4,8.428571429
802,RYiEU3z8GJ6H2C5bx5SA9vnFqGTy0dBN8i6Ot66s6KvgiI-6CMOLXPuDQz5uhqUq,2,4,2,4,4,4,3,3,3,2,4,2,3,2,3,3,4,4,3,2,3,4,3,3,2,4,3,3,2,4,2,3,2,4,3,4,4,2,4,3,3,3,3,4,3,3,2,4,2,4,4,3,3,3,4,2,2,3,3,2,1,25,2,3,3,1,2,2,4,2,3,4,4,4,3,3,2,1,3,1,4,2,4,3,2,3,3,4,2,3,5,1,3,2,3,2,1,1,4,4,5,3,5,5,2,3,3,2,1,4,2,3,3,3,4,2,2,2,4,3,3,4,2,4,3,1,24,3,0,36,9,9,1,1,9,9,9,3,4,4,1,4,4,2,4.5,3.1,3.4,3.7,3.7,4.1,3.9,3.5,3.5,3,3.7,3.2,4,8.428571429
804,sSp1keeeWkI80yHu34UzG8XFHqOULKpM_mvm2hgPYNEidROpoHs6ivDhKmn_HfcX,2,3,2,5,4,5,2,2,4,2,2,1,2,2,4,2,4,2,1,3,4,5,4,2,2,4,4,3,1,4,2,2,2,4,2,4,5,4,4,4,2,2,2,3,3,2,5,4,2,2,4,3,2,2,5,2,4,2,2,2,1,26,2,3,2,2,2,2,4,3,2,5,4,4,4,2,2,2,3,2,4,4,4,4,2,2,3,4,2,4,4,3,2,2,2,2,1,2,4,2,5,2,4,3,2,2,2,2,1,2,2,2,3,4,3,2,2,1,4,4,3,3,2,4,2,1,26,0,1,1,8,8,2,1,8,8,8,3,3,3,1,3,3,2,4.1,3.2,3.3,3.9,3.7,3.4,4.3,3.6,3.2,2.8,3.1,3.6,3.428571429,7.571428571
811,HekS_LEPOBhWeLOS9RgqWGEW9Lt-N8grnK5MK9gJAM_xWgcsfwONb2PBiu2XR0a1,2,5,1,2,5,4,2,5,2,4,5,3,4,5,4,2,5,1,5,4,5,4,2,2,2,2,4,5,4,5,2,4,4,4,1,4,4,1,2,4,5,2,5,5,4,2,5,5,4,2,2,5,4,1,4,2,2,5,1,1,2,25,2,3,4,4,1,1,5,4,2,2,2,5,5,4,3,2,5,1,4,2,4,4,4,4,2,4,2,4,4,1,4,4,4,5,2,2,5,4,4,2,4,5,5,1,1,1,2,2,1,2,3,4,2,4,2,1,5,4,4,5,2,4,2,1,31,0,3,3,9,9,1,1,9,9,9,5,5,4,1,4,4,2,3,2.9,4.1,4.2,4.2,3.7,3.1,4.3,2.2,2.9,2.7,2.9,4.428571429,8.428571429
812,DCWD7c-4LzlD_4Jc4Q6jE-ZQrDfn3lx0y2UiS0riCcR2_5N1a5-dBrOi7lJ-RW9U,2,5,4,4,2,5,2,2,1,1,4,1,2,1,2,2,4,2,2,2,1,4,1,2,2,4,4,2,2,4,2,2,2,4,2,2,2,2,4,5,4,2,2,5,2,2,2,2,2,4,2,5,1,2,5,1,2,2,2,2,2,25,2,3,2,1,2,2,4,2,4,4,3,5,4,2,2,1,5,2,2,2,4,2,2,4,2,4,1,2,5,2,4,2,2,2,2,2,4,4,4,2,4,4,1,1,4,2,1,1,2,2,2,4,2,2,1,1,4,2,2,4,3,4,1,1,26,4,11,59,9,9,1,1,9,9,9,4,4,4,3,4,4,2,4.2,2.8,3.2,4,3.4,3.5,3.9,3.3,3.6,4,3.6,3.4,3.857142857,8.428571429
813,820feIUWmAragXuWFyD3BPpa3FK9VzOOaiEQL_AS0zIXcvggOH0hRG-o3z2pFenD,2,5,2,2,5,4,2,5,2,2,4,1,4,1,4,4,4,2,4,2,1,5,4,2,2,4,5,2,2,5,2,2,2,5,2,5,5,2,5,4,4,2,4,4,4,4,4,5,1,2,4,4,5,2,2,2,2,2,2,2,1,23,2,3,4,1,2,2,4,2,2,4,4,4,4,5,2,2,4,4,1,2,4,4,1,1,4,5,2,4,4,2,2,2,2,2,1,2,5,4,5,5,5,2,4,1,2,2,1,4,2,4,4,4,2,2,1,1,5,2,2,4,4,1,1,1,24,0,6,6,9,9,1,1,9,9,9,4,4,3,1,3,4,3,4.3,3.5,4,3.5,3.8,3.9,3.8,4,3,3.6,3.9,3.4,3.714285714,8.428571429
815,pZiviqHRcgVBFm_HlVreEG7cyB3TTgWuVePsx2OhmzDm87npA2DRBcdkIX63ZA3r,1,4,4,4,2,4,2,4,2,2,2,2,2,4,4,4,4,4,4,2,2,4,2,3,2,4,4,4,2,3,2,4,2,4,4,4,4,4,4,3,4,4,4,4,4,4,4,4,2,2,2,4,2,4,5,2,4,2,4,2,2,23,1,3,4,3,2,2,4,2,4,4,3,4,4,2,4,4,4,5,2,4,4,2,2,3,3,4,2,4,4,2,1,2,2,4,3,2,5,4,4,2,4,4,4,2,4,2,2,3,2,3,2,4,3,3,2,2,4,2,2,3,4,4,2,2,23,1,5,17,9,9,3,2,8,9,9,3,4,3,2,3,4,2,3.5,2.4,2.8,3.7,3.6,3.5,3.8,2.7,3.8,3.7,3,3.3,3.571428571,7.857142857
816,QtJgn2NCxO5ZK2XjtuMRYUA37oYEdjY2EjKbagjILJwfYYq5-8t8XXOA7gAKUxNj,1,2,2,4,4,4,2,2,2,2,4,1,2,5,3,4,4,5,2,2,2,4,4,3,2,2,4,2,1,4,1,4,4,4,3,3,2,4,2,5,4,2,3,5,4,4,1,4,2,2,2,4,3,5,2,3,2,2,2,2,1,26,1,3,5,3,3,1,4,3,3,3,3,4,2,3,2,5,3,4,2,3,4,4,3,5,2,3,5,2,3,3,2,3,3,1,1,3,2,4,5,3,3,2,4,3,4,5,1,2,3,2,3,5,2,1,3,1,3,5,3,3,4,4,2,2,24,7,6,90,9,9,1,1,9,9,9,4,5,4,1,2,5,3,3.1,4.3,3,3.4,3.1,2.8,3.8,3.6,3.8,3.6,2.3,3.3,4,8.428571429
819,4vvg2QGQjGG-_N3hEwFe5C_oGFqvdNJJQHvCbKNxh_w8tH4fXHPEoQciEsSqZxcp,2,4,2,5,3,4,4,2,2,2,4,1,5,1,4,4,5,2,3,4,1,4,4,3,2,5,2,2,1,5,5,1,4,3,4,2,5,4,4,4,4,2,3,5,2,4,3,4,1,1,4,4,1,4,2,3,2,4,4,1,1,25,2,3,4,5,1,1,5,3,4,1,4,5,3,5,4,5,5,3,5,1,4,3,5,1,3,3,1,4,3,1,3,1,3,3,1,1,5,5,4,2,1,4,2,1,4,3,1,3,4,1,3,4,1,2,1,1,5,1,3,5,2,3,2,1,22,0,0,0,9,9,4,1,7,9,9,3,3,3,3,3,4,2,2.2,2.6,3.9,4.4,3.7,4.5,3.5,4,4.2,3.2,3.5,4.3,3.285714286,7.714285714
822,6lY767Ch2p4Dgv8tsnscE7ZHvrq2UhOqmx-AYzFjf-IcwvCzikvhGXI6myEA1HoP,2,5,1,4,4,3,3,4,2,4,4,2,2,3,4,4,4,2,2,3,3,3,4,4,2,4,4,1,2,5,4,2,2,3,2,2,1,4,3,4,2,2,5,4,4,2,2,5,1,3,2,2,4,2,2,2,2,4,2,2,1,25,2,4,4,4,3,1,5,3,4,2,2,5,4,4,2,4,4,2,5,2,4,5,3,4,2,4,4,5,2,2,2,1,2,2,1,3,5,3,4,4,2,5,2,1,2,2,1,2,3,2,4,4,2,2,1,1,4,4,3,3,3,2,2,1,27,7,8,92,8,8,1,1,9,9,9,3,4,4,2,4,4,3,2.8,3.4,3.5,4.2,3.8,3.2,2.7,4.2,2.9,2.4,3.2,3.6,3.714285714,8.142857143
824,c1NGQzT5GmD-1P7OMT91B3_f5DsliHMIc_JKEes4cUaZHIVvAHeXvGEXtxjGFAZY,5,4,4,3,4,4,3,4,2,2,4,2,3,4,2,3,4,3,3,4,2,4,2,3,2,2,4,4,2,4,2,4,2,4,4,3,3,3,4,4,3,2,4,4,4,3,2,2,2,3,2,2,2,2,4,4,2,3,2,2,2,26,2,3,4,2,3,2,4,3,2,4,3,4,4,2,2,3,3,3,2,3,4,4,2,3,3,4,2,2,4,4,2,3,2,2,2,4,4,2,4,4,4,3,3,2,2,2,2,3,2,2,4,4,3,3,2,2,4,2,3,3,3,4,2,2,27,1,4,16,9,9,1,1,9,9,9,4,4,4,2,4,3,2,3.7,3.6,3.4,3.5,3.6,2.8,3.5,3.5,3.5,3.6,3,2.6,3.857142857,8.428571429
826,B7Uu4m5OQDkeAgwEEkTucVv89IjRAqaQc152XFpVDWzitDujH7IBQSyTtPsf8vgm,1,5,4,4,4,2,2,4,4,2,4,4,4,2,2,4,4,2,4,2,2,4,2,3,2,5,2,5,2,4,4,4,2,3,4,2,2,2,2,4,4,2,5,5,2,2,2,4,2,2,2,4,1,2,2,2,2,2,2,2,4,25,2,3,4,4,4,2,4,4,2,2,2,2,3,3,2,2,4,3,1,2,4,5,3,4,2,4,2,2,2,4,3,4,4,1,3,4,2,5,3,4,4,2,4,2,2,4,3,2,3,2,4,4,4,3,4,1,4,5,3,2,3,3,2,2,19,0,11,11,4,5,1,8,9,5,1,3,3,2,2,1,1,4,3,4.3,3.8,3.5,2.8,2.3,2.2,3.8,3.9,3.6,3.7,3.5,2.285714286,4.428571429
828,AlySjPIkdQ1JaRRYyH56uVMEKLtnq4oLi_DrF6iJrau7e1z4mEYAw6gn27GzAp6D,1,5,2,5,1,5,3,4,1,4,4,1,3,1,1,2,4,3,2,3,1,5,3,3,2,5,3,2,1,5,2,1,1,5,2,3,5,4,5,4,3,2,1,3,3,3,1,5,1,1,4,4,4,2,5,1,3,2,2,1,1,25,2,3,2,1,2,1,5,1,2,5,3,5,5,2,2,1,5,2,5,2,4,3,1,4,3,5,3,5,5,3,3,1,2,4,1,1,4,3,3,1,5,2,3,2,4,2,1,5,2,3,1,3,3,2,1,1,3,2,3,5,2,2,2,1,24,3,2,38,9,9,1,1,9,9,9,5,4,4,2,4,4,2,4.6,2.4,2.5,4.2,4,3.8,4.5,3.8,3.3,3.9,4,4.2,4.142857143,8.428571429
832,Hccqz5Q4a3VsFWe_LCheEQBJ0AIYZrHmaEAiWzdujsszVunsGgg8RaF4TFmYAriX,1,4,5,5,2,5,2,2,1,2,2,1,2,2,1,4,4,5,2,2,1,4,2,1,2,4,2,4,1,2,4,2,1,5,4,4,5,4,5,5,4,2,2,5,1,2,1,2,1,2,3,5,1,4,4,1,2,2,2,2,1,29,2,4,2,2,2,1,5,2,2,5,4,5,4,4,2,2,2,1,2,1,4,2,1,2,2,5,1,4,4,1,2,2,4,4,1,1,4,5,5,2,5,4,2,1,2,2,1,2,1,1,4,4,4,2,1,1,4,2,1,4,2,4,1,2,30,2,9,33,9,9,1,1,9,9,9,4,4,5,1,5,5,2,4.6,2.6,4.2,4.4,4.1,3.8,4.5,2.6,4.2,4.5,4,3.9,4.571428571,8.428571429
834,eGeORXmz4sNvl7U-HMtDn3q9esSz_s2C7XAvlfIiI-Kjy81APcCvaW2dVXDUL-EO,2,5,4,2,2,4,3,4,2,3,4,2,5,2,3,2,4,2,3,2,3,2,2,4,2,4,4,5,3,4,2,3,2,4,2,2,4,3,4,4,3,2,4,4,3,3,3,4,2,3,3,4,4,2,5,3,2,2,3,3,1,26,2,3,4,2,2,2,4,4,2,4,4,5,4,3,2,2,4,2,3,2,4,4,2,4,4,4,2,4,2,2,2,4,3,4,2,2,5,4,4,3,4,3,2,2,2,3,1,2,2,2,4,4,4,3,2,2,4,2,3,4,1,4,2,1,29,2,3,27,9,9,1,1,9,9,9,3,4,4,2,3,4,2,3.8,3.2,3.8,3.7,4.1,3.4,3.6,3.5,2.5,3.8,3.7,3.5,3.714285714,8.428571429
840,sZG2Z54Fw_SF8xTNzBZPGOHQHiJpzVK1t2VUsmyeJBiwIo8zqcWu5Qgt4z-pqvdK,2,3,2,2,4,4,5,4,2,3,4,4,2,3,4,4,4,2,2,4,3,2,3,2,2,3,3,1,3,4,3,3,3,3,2,4,2,4,4,2,3,2,3,4,3,2,4,4,2,3,2,4,4,2,5,4,3,4,2,1,4,26,1,3,4,2,3,3,2,3,4,3,3,4,2,3,2,3,3,4,4,2,4,4,2,2,2,4,2,2,4,3,4,3,2,3,4,3,2,3,4,3,4,2,3,3,4,3,3,3,2,2,4,4,3,3,2,2,4,4,3,3,3,3,2,2,24,0,1,1,9,9,2,1,7,9,9,3,3,3,3,3,2,2,3.3,3.5,3.4,3.2,2.9,3,3.1,3.8,2.5,2.5,3,3.4,3,8
841,uxn1f0NRcG_wwwLsxtNUJPLIs8iN01COjH_-gS84LYLDDJ-jiWyCkF-8OsqVybX0,2,5,3,4,4,4,3,5,2,2,5,4,4,5,2,3,4,2,4,3,4,4,4,4,2,4,3,3,2,5,4,2,3,4,5,2,3,3,4,4,4,3,5,3,4,2,2,5,5,2,2,5,3,2,5,2,3,3,4,2,3,24,2,3,4,4,1,3,4,3,2,3,3,4,5,4,2,5,4,3,4,3,4,5,5,4,3,4,3,4,4,4,5,5,3,3,4,3,4,3,4,4,4,4,4,2,3,4,5,2,5,3,4,5,2,4,2,3,4,3,4,4,4,4,2,1,25,0,8,8,9,9,1,1,9,9,9,3,3,3,3,3,3,3,2.2,3.8,3.5,3.5,2.9,3.1,2.5,4.2,3.9,3.4,3.1,3.5,3,8.428571429
845,omkj7_aFDEsw60W0dYV6WjeDb_qBV6_P2N3QIZGsv3h1Idcx6xGjBSQ4ILPBDG63,3,5,2,3,4,3,4,2,2,1,4,2,2,4,3,3,5,2,3,2,4,4,4,3,2,1,2,1,2,4,2,1,1,2,2,3,3,4,3,4,2,2,2,4,4,2,2,5,1,3,2,2,1,3,4,5,2,2,4,1,1,24,1,3,4,2,5,4,3,4,4,4,2,1,4,5,2,2,4,5,5,1,4,2,2,5,1,5,5,2,4,5,5,4,2,4,2,3,1,5,4,2,5,2,3,2,4,1,2,1,4,2,4,5,5,2,5,2,5,2,3,5,4,4,1,2,24,2,11,35,9,9,1,1,7,9,9,3,3,4,2,3,4,2,4.1,2.8,3.7,4,1.5,2.4,3.7,4.1,3.6,2.6,3.3,3,3.571428571,8.142857143
848,KhE8j-xBDtGjrr_nnUlTVDHOW0H5kkiRkyiQD4w9rkP91CbE36KMy6eB3MfihJ7M,3,5,4,4,4,4,4,5,4,2,4,5,4,2,2,4,4,2,1,2,1,5,4,4,2,5,4,2,2,5,2,4,1,4,2,4,5,4,4,5,4,1,4,5,4,4,2,5,4,5,4,5,1,5,5,3,4,4,2,2,1,24,1,3,5,2,2,4,4,4,2,4,4,4,4,4,2,5,4,5,4,4,4,5,5,4,4,4,2,4,4,2,2,2,5,4,1,2,4,4,5,5,4,4,1,4,2,4,2,4,2,2,4,5,4,2,2,1,5,5,4,4,4,4,2,2,25,0,11,11,9,9,1,1,9,9,9,5,5,5,2,3,5,2,3.3,4.1,4.1,3.9,3,3.8,3.2,3.8,3.8,3.7,3.7,3.6,4.428571429,8.428571429
850,tSHmCAaE-jJycxYfNRhZT4CF3S2nr1Us24NZ9RLYhWGomAnneu5H5vv8T1S0NLzW,2,3,2,2,4,4,3,3,3,2,4,4,2,2,3,2,5,2,3,3,2,2,3,2,2,4,3,2,2,4,2,2,3,3,2,2,3,4,3,3,2,2,4,4,3,2,3,4,2,2,2,3,2,2,4,2,3,3,2,2,3,24,2,3,4,2,3,2,4,2,3,3,3,4,4,3,3,3,4,2,3,2,4,3,2,3,2,4,1,3,4,2,2,2,2,2,3,3,4,3,4,4,4,2,3,2,2,2,3,2,4,2,3,4,3,3,2,2,4,3,2,4,2,3,2,1,22,1,9,21,9,6,1,1,6,9,9,3,3,3,3,3,3,3,3.5,3.3,3.5,3.7,3.5,3.1,3.2,4,2.7,2.8,3,3.6,3,7.571428571
851,5TX_jCSGYEl4NlbPA7UVjLjyHr2JCwLr1AXpTF0P2tmaD6V39ImtJzTe_y1EOncd,2,4,5,4,1,4,5,2,2,4,2,1,2,4,2,4,4,4,2,2,3,5,4,4,2,4,4,1,2,2,4,4,4,5,3,5,4,4,4,4,4,4,4,5,4,4,2,4,4,2,2,5,4,4,4,2,4,2,2,2,1,31,1,3,4,2,4,2,4,2,4,4,2,4,4,2,4,2,2,2,4,4,4,4,2,2,2,5,2,4,4,2,2,4,2,1,1,2,4,4,5,4,5,2,2,2,4,4,1,2,2,4,2,4,4,4,4,2,4,4,3,3,4,4,3,2,31,0,3,3,9,9,1,1,9,9,9,3,4,4,2,4,4,2,4.2,3.5,2.8,3.7,3.2,2.7,3.4,2.6,3.4,3.9,2.6,3.8,3.857142857,8.428571429
